# github.com/smacker/go-tree-sitter/lua
parser.c:254:17: warning: null character(s) preserved in literal
  254 |   [anon_sym_] = " ",
      |                 ^
2025/06/02 04:39:50 Plandex server home dir: /home/new
2025/06/02 04:39:50 os.Getenv(PLANDEX_BASE_DIR): /tmp/plandex_server_data
2025/06/02 04:39:50 GOENV: development
2025/06/02 04:39:50 Local mode enabled
2025/06/02 04:39:50 File system dir: /tmp/plandex_server_data
2025/06/02 04:39:50 fileMapMaxConcurrency: 6
2025/06/02 04:39:50.539431 tracing.go:30: [TRACING] LOGFIRE_TOKEN found.
2025/06/02 04:39:50.539484 tracing.go:49: [TRACING] OpenTelemetry resource configured for service: plandex-server-test
2025/06/02 04:39:50.539518 tracing.go:71: [TRACING] Configuring OTLP HTTP exporter for Logfire at: https://logfire-api.pydantic.dev
2025/06/02 04:39:50.539561 tracing.go:76: [TRACING] OTLP HTTP exporter created successfully.
2025/06/02 04:39:50.539719 tracing.go:90: [TRACING] TracerProvider configured and set globally.
2025/06/02 04:39:50.539752 main.go:44: 🚀 Plandex Server starting with tracing enabled...
2025/06/02 04:39:50.562056 db.go:55: connected to database
2025/06/02 04:39:50.577369 db.go:91: 

Database settings:
- idle_in_transaction_session_timeout = 90000 ms (context: user)
- lock_timeout = 4000 ms (context: user)
- statement_timeout = 30000 ms (context: user)
- TimeZone = UTC (context: user)

2025/06/02 04:39:50.610084 db.go:163: migration state is up to date
2025/06/02 04:39:50.625658 setup.go:65: In development mode.
2025/06/02 04:39:50.625835 setup.go:110: Started Plandex server on port 8099
2025/06/02 04:40:25.780171 setup.go:57: 

Request: GET /plans/d3b58b68-f88c-4f6f-b115-aaf7810fef61/main/settings

2025/06/02 04:40:25.780340 settings.go:19: Received request for GetSettingsHandler
2025/06/02 04:40:25.780368 auth_helpers.go:442: authenticating request
2025/06/02 04:40:25.796361 auth_helpers.go:589: UserId: 7de205bd-e851-4579-8940-4f2cbb3b21ee, Email: local-admin@plandex.ai, OrgId: 6aaef103-b1ab-4c8c-8042-c121f40001ba
2025/06/02 04:40:25.796435 settings.go:30: planId:  d3b58b68-f88c-4f6f-b115-aaf7810fef61 branch:  main
2025/06/02 04:40:25.796443 auth_helpers.go:648: authorizing plan
2025/06/02 04:40:25.799089 queue.go:317: [Queue] ExecRepoOperation called for plan d3b58b68-f88c-4f6f-b115-aaf7810fef61, branch main, scope r, reason get settings
2025/06/02 04:40:25.804984 locks.go:166: [Lock][49] got lockable plan id for d3b58b68-f88c-4f6f-b115-aaf7810fef61 | reason: get settings
2025/06/02 04:40:25.810808 locks.go:227: [Lock][49] 0 locks found, 0 expired | reason: get settings
2025/06/02 04:40:25.817304 locks.go:383: Lock acquired: d25dbb39-a504-4f67-83e2-ffb2b9dba018 for plan d3b58b68-f88c-4f6f-b115-aaf7810fef61 with scope r | reason: get settings
2025/06/02 04:40:25.817396 git.go:603: [Git] gitRemoveIndexLockFileIfExists - repoDir: /tmp/plandex_server_data/orgs/6aaef103-b1ab-4c8c-8042-c121f40001ba/plans/d3b58b68-f88c-4f6f-b115-aaf7810fef61
2025/06/02 04:40:25.817486 git.go:427: [Git] gitCheckoutBranch - repoDir: /tmp/plandex_server_data/orgs/6aaef103-b1ab-4c8c-8042-c121f40001ba/plans/d3b58b68-f88c-4f6f-b115-aaf7810fef61, branch: main
2025/06/02 04:40:25.817514 git.go:603: [Git] gitRemoveIndexLockFileIfExists - repoDir: /tmp/plandex_server_data/orgs/6aaef103-b1ab-4c8c-8042-c121f40001ba/plans/d3b58b68-f88c-4f6f-b115-aaf7810fef61
2025/06/02 04:40:25.817483 locks.go:401: [Lock][Heartbeat] Will update heartbeat for d3b58b68-f88c-4f6f-b115-aaf7810fef61 | get settings | Heartbeat interval: 3s, jitter: 172.14598ms
2025/06/02 04:40:25.820853 git.go:443: [Git] gitCheckoutBranch - currentBranch: main
2025/06/02 04:40:25.820936 git.go:446: [Git] gitCheckoutBranch - already on branch main, skipping
2025/06/02 04:40:25.820946 locks.go:464: [Lock] d3b58b68-f88c-4f6f-b115-aaf7810fef61 | get settings | Checked out branch
2025/06/02 04:40:25.820966 queue.go:190: [Queue] Acquired DB lock d25dbb39-a504-4f67-83e2-ffb2b9dba018
2025/06/02 04:40:25.821063 settings_helpers.go:26: GetPlanSettings - no settings file found for plan d3b58b68-f88c-4f6f-b115-aaf7810fef61 - checking org defaults
2025/06/02 04:40:25.824141 settings_helpers.go:105: GetOrgDefaultSettings - no rows - returning default settings
2025/06/02 04:40:25.824210 settings_helpers.go:35: GetPlanSettings - found org default settings for plan d3b58b68-f88c-4f6f-b115-aaf7810fef61
2025/06/02 04:40:25.824244 queue.go:193: [Queue] Releasing DB lock d25dbb39-a504-4f67-83e2-ffb2b9dba018 for plan d3b58b68-f88c-4f6f-b115-aaf7810fef61
2025/06/02 04:40:25.824514 settings.go:74: GetSettingsHandler processed successfully
2025/06/02 04:40:25.824678 setup.go:59: 

Completed: GET /plans/d3b58b68-f88c-4f6f-b115-aaf7810fef61/main/settings in 44.506757ms

2025/06/02 04:40:25.824766 locks.go:388: [Lock][Heartbeat] Timeout or context canceled during heartbeat loop for lock d25dbb39-a504-4f67-83e2-ffb2b9dba018 for plan d3b58b68-f88c-4f6f-b115-aaf7810fef61 | reason: get settings
2025/06/02 04:40:25.825054 locks.go:501: [Lock][Delete][49] Lock released: d25dbb39-a504-4f67-83e2-ffb2b9dba018 for plan d3b58b68-f88c-4f6f-b115-aaf7810fef61 | get settings
2025/06/02 04:40:25.825123 queue.go:198: [Queue] DB lock d25dbb39-a504-4f67-83e2-ffb2b9dba018 released successfully
2025/06/02 04:40:26.137649 setup.go:57: 

Request: GET /plans/d3b58b68-f88c-4f6f-b115-aaf7810fef61/config

2025/06/02 04:40:26.137838 plan_config.go:17: Received request for GetPlanConfigHandler
2025/06/02 04:40:26.137881 auth_helpers.go:442: authenticating request
2025/06/02 04:40:26.141120 auth_helpers.go:589: UserId: 7de205bd-e851-4579-8940-4f2cbb3b21ee, Email: local-admin@plandex.ai, OrgId: 6aaef103-b1ab-4c8c-8042-c121f40001ba
2025/06/02 04:40:26.141199 plan_config.go:27: planId:  d3b58b68-f88c-4f6f-b115-aaf7810fef61
2025/06/02 04:40:26.141208 auth_helpers.go:648: authorizing plan
2025/06/02 04:40:26.142565 plan_config.go:53: GetPlanConfigHandler processed successfully
2025/06/02 04:40:26.142638 setup.go:59: 

Completed: GET /plans/d3b58b68-f88c-4f6f-b115-aaf7810fef61/config in 4.98913ms

2025/06/02 04:40:26.143138 setup.go:57: 

Request: GET /plans/d3b58b68-f88c-4f6f-b115-aaf7810fef61/main/settings

2025/06/02 04:40:26.143257 settings.go:19: Received request for GetSettingsHandler
2025/06/02 04:40:26.143293 auth_helpers.go:442: authenticating request
2025/06/02 04:40:26.145242 auth_helpers.go:589: UserId: 7de205bd-e851-4579-8940-4f2cbb3b21ee, Email: local-admin@plandex.ai, OrgId: 6aaef103-b1ab-4c8c-8042-c121f40001ba
2025/06/02 04:40:26.145294 settings.go:30: planId:  d3b58b68-f88c-4f6f-b115-aaf7810fef61 branch:  main
2025/06/02 04:40:26.145303 auth_helpers.go:648: authorizing plan
2025/06/02 04:40:26.146166 queue.go:317: [Queue] ExecRepoOperation called for plan d3b58b68-f88c-4f6f-b115-aaf7810fef61, branch main, scope r, reason get settings
2025/06/02 04:40:26.149588 locks.go:166: [Lock][68] got lockable plan id for d3b58b68-f88c-4f6f-b115-aaf7810fef61 | reason: get settings
2025/06/02 04:40:26.150328 locks.go:227: [Lock][68] 0 locks found, 0 expired | reason: get settings
2025/06/02 04:40:26.154349 locks.go:383: Lock acquired: 47bc55d8-d9b1-4aa6-9e59-29513bf005ec for plan d3b58b68-f88c-4f6f-b115-aaf7810fef61 with scope r | reason: get settings
2025/06/02 04:40:26.154451 git.go:603: [Git] gitRemoveIndexLockFileIfExists - repoDir: /tmp/plandex_server_data/orgs/6aaef103-b1ab-4c8c-8042-c121f40001ba/plans/d3b58b68-f88c-4f6f-b115-aaf7810fef61
2025/06/02 04:40:26.154475 locks.go:401: [Lock][Heartbeat] Will update heartbeat for d3b58b68-f88c-4f6f-b115-aaf7810fef61 | get settings | Heartbeat interval: 3s, jitter: 196.193466ms
2025/06/02 04:40:26.154506 git.go:427: [Git] gitCheckoutBranch - repoDir: /tmp/plandex_server_data/orgs/6aaef103-b1ab-4c8c-8042-c121f40001ba/plans/d3b58b68-f88c-4f6f-b115-aaf7810fef61, branch: main
2025/06/02 04:40:26.154528 git.go:603: [Git] gitRemoveIndexLockFileIfExists - repoDir: /tmp/plandex_server_data/orgs/6aaef103-b1ab-4c8c-8042-c121f40001ba/plans/d3b58b68-f88c-4f6f-b115-aaf7810fef61
2025/06/02 04:40:26.155901 git.go:443: [Git] gitCheckoutBranch - currentBranch: main
2025/06/02 04:40:26.155946 git.go:446: [Git] gitCheckoutBranch - already on branch main, skipping
2025/06/02 04:40:26.155953 locks.go:464: [Lock] d3b58b68-f88c-4f6f-b115-aaf7810fef61 | get settings | Checked out branch
2025/06/02 04:40:26.155975 queue.go:190: [Queue] Acquired DB lock 47bc55d8-d9b1-4aa6-9e59-29513bf005ec
2025/06/02 04:40:26.156020 settings_helpers.go:26: GetPlanSettings - no settings file found for plan d3b58b68-f88c-4f6f-b115-aaf7810fef61 - checking org defaults
2025/06/02 04:40:26.156665 settings_helpers.go:105: GetOrgDefaultSettings - no rows - returning default settings
2025/06/02 04:40:26.156704 settings_helpers.go:35: GetPlanSettings - found org default settings for plan d3b58b68-f88c-4f6f-b115-aaf7810fef61
2025/06/02 04:40:26.156728 queue.go:193: [Queue] Releasing DB lock 47bc55d8-d9b1-4aa6-9e59-29513bf005ec for plan d3b58b68-f88c-4f6f-b115-aaf7810fef61
2025/06/02 04:40:26.156828 settings.go:74: GetSettingsHandler processed successfully
2025/06/02 04:40:26.156958 setup.go:59: 

Completed: GET /plans/d3b58b68-f88c-4f6f-b115-aaf7810fef61/main/settings in 13.819341ms

2025/06/02 04:40:26.157029 locks.go:388: [Lock][Heartbeat] Timeout or context canceled during heartbeat loop for lock 47bc55d8-d9b1-4aa6-9e59-29513bf005ec for plan d3b58b68-f88c-4f6f-b115-aaf7810fef61 | reason: get settings
2025/06/02 04:40:26.157283 locks.go:501: [Lock][Delete][68] Lock released: 47bc55d8-d9b1-4aa6-9e59-29513bf005ec for plan d3b58b68-f88c-4f6f-b115-aaf7810fef61 | get settings
2025/06/02 04:40:26.157335 queue.go:198: [Queue] DB lock 47bc55d8-d9b1-4aa6-9e59-29513bf005ec released successfully
2025/06/02 04:40:26.157684 setup.go:57: 

Request: GET /plans/d3b58b68-f88c-4f6f-b115-aaf7810fef61

2025/06/02 04:40:26.157771 plans_crud.go:128: Received request for GetPlanHandler
2025/06/02 04:40:26.157793 auth_helpers.go:442: authenticating request
2025/06/02 04:40:26.159822 auth_helpers.go:589: UserId: 7de205bd-e851-4579-8940-4f2cbb3b21ee, Email: local-admin@plandex.ai, OrgId: 6aaef103-b1ab-4c8c-8042-c121f40001ba
2025/06/02 04:40:26.159872 plans_crud.go:138: planId:  d3b58b68-f88c-4f6f-b115-aaf7810fef61
2025/06/02 04:40:26.159879 auth_helpers.go:648: authorizing plan
2025/06/02 04:40:26.160998 setup.go:59: 

Completed: GET /plans/d3b58b68-f88c-4f6f-b115-aaf7810fef61 in 3.314688ms

2025/06/02 04:40:26.161600 setup.go:57: 

Request: POST /projects/937532f3-b441-4fca-a384-61b11b163b48/plans/current_branches

2025/06/02 04:40:26.161689 plans_crud.go:560: Received request for CurrentBranchByPlanIdHandler
2025/06/02 04:40:26.161698 auth_helpers.go:442: authenticating request
2025/06/02 04:40:26.164261 auth_helpers.go:589: UserId: 7de205bd-e851-4579-8940-4f2cbb3b21ee, Email: local-admin@plandex.ai, OrgId: 6aaef103-b1ab-4c8c-8042-c121f40001ba
2025/06/02 04:40:26.164333 plans_crud.go:569: projectId:  937532f3-b441-4fca-a384-61b11b163b48
2025/06/02 04:40:26.164342 auth_helpers.go:600: authorizing project
2025/06/02 04:40:26.170163 plans_crud.go:638: Successfully processed GetCurrentBranchByPlanIdHandler request
2025/06/02 04:40:26.170268 setup.go:59: 

Completed: POST /projects/937532f3-b441-4fca-a384-61b11b163b48/plans/current_branches in 8.668638ms

2025/06/02 04:40:30.735617 handler.go:31: traces export: parse "https://https:%2F%2Flogfire-api.pydantic.dev/v1/traces": invalid port ":%2F%2Flogfire-api.pydantic.dev" after host
2025/06/02 04:40:47.179019 setup.go:57: 

Request: GET /custom_models

2025/06/02 04:40:47.179164 models.go:138: Received request for ListCustomModelsHandler
2025/06/02 04:40:47.179178 auth_helpers.go:442: authenticating request
2025/06/02 04:40:47.182307 auth_helpers.go:589: UserId: 7de205bd-e851-4579-8940-4f2cbb3b21ee, Email: local-admin@plandex.ai, OrgId: 6aaef103-b1ab-4c8c-8042-c121f40001ba
2025/06/02 04:40:47.196751 models.go:154: Successfully fetched custom models
2025/06/02 04:40:47.196868 setup.go:59: 

Completed: GET /custom_models in 17.849379ms

2025/06/02 04:40:50.747495 handler.go:31: traces export: parse "https://https:%2F%2Flogfire-api.pydantic.dev/v1/traces": invalid port ":%2F%2Flogfire-api.pydantic.dev" after host
2025/06/02 04:40:57.750984 setup.go:57: 

Request: GET /plans/d3b58b68-f88c-4f6f-b115-aaf7810fef61/main/settings

2025/06/02 04:40:57.751190 settings.go:19: Received request for GetSettingsHandler
2025/06/02 04:40:57.751232 auth_helpers.go:442: authenticating request
2025/06/02 04:40:57.754234 auth_helpers.go:589: UserId: 7de205bd-e851-4579-8940-4f2cbb3b21ee, Email: local-admin@plandex.ai, OrgId: 6aaef103-b1ab-4c8c-8042-c121f40001ba
2025/06/02 04:40:57.754311 settings.go:30: planId:  d3b58b68-f88c-4f6f-b115-aaf7810fef61 branch:  main
2025/06/02 04:40:57.754321 auth_helpers.go:648: authorizing plan
2025/06/02 04:40:57.755517 queue.go:317: [Queue] ExecRepoOperation called for plan d3b58b68-f88c-4f6f-b115-aaf7810fef61, branch main, scope r, reason get settings
2025/06/02 04:40:57.762164 locks.go:166: [Lock][63] got lockable plan id for d3b58b68-f88c-4f6f-b115-aaf7810fef61 | reason: get settings
2025/06/02 04:40:57.763245 locks.go:227: [Lock][63] 0 locks found, 0 expired | reason: get settings
2025/06/02 04:40:57.776741 locks.go:383: Lock acquired: 6737f2bf-b8d2-47f4-bc5a-f9e41c2911b8 for plan d3b58b68-f88c-4f6f-b115-aaf7810fef61 with scope r | reason: get settings
2025/06/02 04:40:57.776823 git.go:603: [Git] gitRemoveIndexLockFileIfExists - repoDir: /tmp/plandex_server_data/orgs/6aaef103-b1ab-4c8c-8042-c121f40001ba/plans/d3b58b68-f88c-4f6f-b115-aaf7810fef61
2025/06/02 04:40:57.776859 git.go:427: [Git] gitCheckoutBranch - repoDir: /tmp/plandex_server_data/orgs/6aaef103-b1ab-4c8c-8042-c121f40001ba/plans/d3b58b68-f88c-4f6f-b115-aaf7810fef61, branch: main
2025/06/02 04:40:57.776871 git.go:603: [Git] gitRemoveIndexLockFileIfExists - repoDir: /tmp/plandex_server_data/orgs/6aaef103-b1ab-4c8c-8042-c121f40001ba/plans/d3b58b68-f88c-4f6f-b115-aaf7810fef61
2025/06/02 04:40:57.776887 locks.go:401: [Lock][Heartbeat] Will update heartbeat for d3b58b68-f88c-4f6f-b115-aaf7810fef61 | get settings | Heartbeat interval: 3s, jitter: 202.40133ms
2025/06/02 04:40:57.778168 git.go:443: [Git] gitCheckoutBranch - currentBranch: main
2025/06/02 04:40:57.778226 git.go:446: [Git] gitCheckoutBranch - already on branch main, skipping
2025/06/02 04:40:57.778235 locks.go:464: [Lock] d3b58b68-f88c-4f6f-b115-aaf7810fef61 | get settings | Checked out branch
2025/06/02 04:40:57.778247 queue.go:190: [Queue] Acquired DB lock 6737f2bf-b8d2-47f4-bc5a-f9e41c2911b8
2025/06/02 04:40:57.778304 settings_helpers.go:26: GetPlanSettings - no settings file found for plan d3b58b68-f88c-4f6f-b115-aaf7810fef61 - checking org defaults
2025/06/02 04:40:57.779197 settings_helpers.go:105: GetOrgDefaultSettings - no rows - returning default settings
2025/06/02 04:40:57.779263 settings_helpers.go:35: GetPlanSettings - found org default settings for plan d3b58b68-f88c-4f6f-b115-aaf7810fef61
2025/06/02 04:40:57.779300 queue.go:193: [Queue] Releasing DB lock 6737f2bf-b8d2-47f4-bc5a-f9e41c2911b8 for plan d3b58b68-f88c-4f6f-b115-aaf7810fef61
2025/06/02 04:40:57.779478 settings.go:74: GetSettingsHandler processed successfully
2025/06/02 04:40:57.779663 setup.go:59: 

Completed: GET /plans/d3b58b68-f88c-4f6f-b115-aaf7810fef61/main/settings in 28.678834ms

2025/06/02 04:40:57.779729 locks.go:388: [Lock][Heartbeat] Timeout or context canceled during heartbeat loop for lock 6737f2bf-b8d2-47f4-bc5a-f9e41c2911b8 for plan d3b58b68-f88c-4f6f-b115-aaf7810fef61 | reason: get settings
2025/06/02 04:40:57.781473 locks.go:501: [Lock][Delete][63] Lock released: 6737f2bf-b8d2-47f4-bc5a-f9e41c2911b8 for plan d3b58b68-f88c-4f6f-b115-aaf7810fef61 | get settings
2025/06/02 04:40:57.781566 queue.go:198: [Queue] DB lock 6737f2bf-b8d2-47f4-bc5a-f9e41c2911b8 released successfully
2025/06/02 04:41:00.091312 setup.go:57: 

Request: GET /model_sets

2025/06/02 04:41:00.091447 models.go:302: Received request for ListModelPacksHandler
2025/06/02 04:41:00.091459 auth_helpers.go:442: authenticating request
2025/06/02 04:41:00.095535 auth_helpers.go:589: UserId: 7de205bd-e851-4579-8940-4f2cbb3b21ee, Email: local-admin@plandex.ai, OrgId: 6aaef103-b1ab-4c8c-8042-c121f40001ba
2025/06/02 04:41:00.113657 models.go:324: Successfully fetched model packs
2025/06/02 04:41:00.113822 setup.go:59: 

Completed: GET /model_sets in 22.509513ms

2025/06/02 04:41:00.833184 handler.go:31: traces export: parse "https://https:%2F%2Flogfire-api.pydantic.dev/v1/traces": invalid port ":%2F%2Flogfire-api.pydantic.dev" after host
2025/06/02 04:42:30.221835 setup.go:57: 

Request: GET /plans/d3b58b68-f88c-4f6f-b115-aaf7810fef61/main/settings

2025/06/02 04:42:30.222151 settings.go:19: Received request for GetSettingsHandler
2025/06/02 04:42:30.222188 auth_helpers.go:442: authenticating request
2025/06/02 04:42:30.231195 auth_helpers.go:589: UserId: 7de205bd-e851-4579-8940-4f2cbb3b21ee, Email: local-admin@plandex.ai, OrgId: 6aaef103-b1ab-4c8c-8042-c121f40001ba
2025/06/02 04:42:30.231304 settings.go:30: planId:  d3b58b68-f88c-4f6f-b115-aaf7810fef61 branch:  main
2025/06/02 04:42:30.231322 auth_helpers.go:648: authorizing plan
2025/06/02 04:42:30.233987 queue.go:317: [Queue] ExecRepoOperation called for plan d3b58b68-f88c-4f6f-b115-aaf7810fef61, branch main, scope r, reason get settings
2025/06/02 04:42:30.239419 locks.go:166: [Lock][102] got lockable plan id for d3b58b68-f88c-4f6f-b115-aaf7810fef61 | reason: get settings
2025/06/02 04:42:30.240459 locks.go:227: [Lock][102] 0 locks found, 0 expired | reason: get settings
2025/06/02 04:42:30.254516 locks.go:383: Lock acquired: 0dba892e-9c90-40ce-b696-85e7761d8a8f for plan d3b58b68-f88c-4f6f-b115-aaf7810fef61 with scope r | reason: get settings
2025/06/02 04:42:30.254758 git.go:603: [Git] gitRemoveIndexLockFileIfExists - repoDir: /tmp/plandex_server_data/orgs/6aaef103-b1ab-4c8c-8042-c121f40001ba/plans/d3b58b68-f88c-4f6f-b115-aaf7810fef61
2025/06/02 04:42:30.254861 locks.go:401: [Lock][Heartbeat] Will update heartbeat for d3b58b68-f88c-4f6f-b115-aaf7810fef61 | get settings | Heartbeat interval: 3s, jitter: 38.843581ms
2025/06/02 04:42:30.255035 git.go:427: [Git] gitCheckoutBranch - repoDir: /tmp/plandex_server_data/orgs/6aaef103-b1ab-4c8c-8042-c121f40001ba/plans/d3b58b68-f88c-4f6f-b115-aaf7810fef61, branch: main
2025/06/02 04:42:30.255063 git.go:603: [Git] gitRemoveIndexLockFileIfExists - repoDir: /tmp/plandex_server_data/orgs/6aaef103-b1ab-4c8c-8042-c121f40001ba/plans/d3b58b68-f88c-4f6f-b115-aaf7810fef61
2025/06/02 04:42:30.257231 git.go:443: [Git] gitCheckoutBranch - currentBranch: main
2025/06/02 04:42:30.257302 git.go:446: [Git] gitCheckoutBranch - already on branch main, skipping
2025/06/02 04:42:30.257315 locks.go:464: [Lock] d3b58b68-f88c-4f6f-b115-aaf7810fef61 | get settings | Checked out branch
2025/06/02 04:42:30.257333 queue.go:190: [Queue] Acquired DB lock 0dba892e-9c90-40ce-b696-85e7761d8a8f
2025/06/02 04:42:30.257459 settings_helpers.go:26: GetPlanSettings - no settings file found for plan d3b58b68-f88c-4f6f-b115-aaf7810fef61 - checking org defaults
2025/06/02 04:42:30.259016 settings_helpers.go:105: GetOrgDefaultSettings - no rows - returning default settings
2025/06/02 04:42:30.259115 settings_helpers.go:35: GetPlanSettings - found org default settings for plan d3b58b68-f88c-4f6f-b115-aaf7810fef61
2025/06/02 04:42:30.259192 queue.go:193: [Queue] Releasing DB lock 0dba892e-9c90-40ce-b696-85e7761d8a8f for plan d3b58b68-f88c-4f6f-b115-aaf7810fef61
2025/06/02 04:42:30.259579 settings.go:74: GetSettingsHandler processed successfully
2025/06/02 04:42:30.259949 setup.go:59: 

Completed: GET /plans/d3b58b68-f88c-4f6f-b115-aaf7810fef61/main/settings in 38.113249ms

2025/06/02 04:42:30.260135 locks.go:388: [Lock][Heartbeat] Timeout or context canceled during heartbeat loop for lock 0dba892e-9c90-40ce-b696-85e7761d8a8f for plan d3b58b68-f88c-4f6f-b115-aaf7810fef61 | reason: get settings
2025/06/02 04:42:30.260830 locks.go:501: [Lock][Delete][102] Lock released: 0dba892e-9c90-40ce-b696-85e7761d8a8f for plan d3b58b68-f88c-4f6f-b115-aaf7810fef61 | get settings
2025/06/02 04:42:30.260926 queue.go:198: [Queue] DB lock 0dba892e-9c90-40ce-b696-85e7761d8a8f released successfully
2025/06/02 04:42:30.587685 setup.go:57: 

Request: GET /plans/d3b58b68-f88c-4f6f-b115-aaf7810fef61/config

2025/06/02 04:42:30.587939 plan_config.go:17: Received request for GetPlanConfigHandler
2025/06/02 04:42:30.587983 auth_helpers.go:442: authenticating request
2025/06/02 04:42:30.594300 auth_helpers.go:589: UserId: 7de205bd-e851-4579-8940-4f2cbb3b21ee, Email: local-admin@plandex.ai, OrgId: 6aaef103-b1ab-4c8c-8042-c121f40001ba
2025/06/02 04:42:30.594383 plan_config.go:27: planId:  d3b58b68-f88c-4f6f-b115-aaf7810fef61
2025/06/02 04:42:30.594396 auth_helpers.go:648: authorizing plan
2025/06/02 04:42:30.598895 plan_config.go:53: GetPlanConfigHandler processed successfully
2025/06/02 04:42:30.599461 setup.go:59: 

Completed: GET /plans/d3b58b68-f88c-4f6f-b115-aaf7810fef61/config in 11.7711ms

2025/06/02 04:42:30.601561 setup.go:57: 

Request: GET /plans/d3b58b68-f88c-4f6f-b115-aaf7810fef61/main/settings

2025/06/02 04:42:30.601812 settings.go:19: Received request for GetSettingsHandler
2025/06/02 04:42:30.601833 auth_helpers.go:442: authenticating request
2025/06/02 04:42:30.608831 auth_helpers.go:589: UserId: 7de205bd-e851-4579-8940-4f2cbb3b21ee, Email: local-admin@plandex.ai, OrgId: 6aaef103-b1ab-4c8c-8042-c121f40001ba
2025/06/02 04:42:30.608967 settings.go:30: planId:  d3b58b68-f88c-4f6f-b115-aaf7810fef61 branch:  main
2025/06/02 04:42:30.608986 auth_helpers.go:648: authorizing plan
2025/06/02 04:42:30.612153 queue.go:317: [Queue] ExecRepoOperation called for plan d3b58b68-f88c-4f6f-b115-aaf7810fef61, branch main, scope r, reason get settings
2025/06/02 04:42:30.617280 locks.go:166: [Lock][110] got lockable plan id for d3b58b68-f88c-4f6f-b115-aaf7810fef61 | reason: get settings
2025/06/02 04:42:30.618538 locks.go:227: [Lock][110] 0 locks found, 0 expired | reason: get settings
2025/06/02 04:42:30.621747 locks.go:383: Lock acquired: fd7a0ef3-8794-46de-8d38-a40d52c4c0a4 for plan d3b58b68-f88c-4f6f-b115-aaf7810fef61 with scope r | reason: get settings
2025/06/02 04:42:30.621837 git.go:603: [Git] gitRemoveIndexLockFileIfExists - repoDir: /tmp/plandex_server_data/orgs/6aaef103-b1ab-4c8c-8042-c121f40001ba/plans/d3b58b68-f88c-4f6f-b115-aaf7810fef61
2025/06/02 04:42:30.621913 locks.go:401: [Lock][Heartbeat] Will update heartbeat for d3b58b68-f88c-4f6f-b115-aaf7810fef61 | get settings | Heartbeat interval: 3s, jitter: 177.145186ms
2025/06/02 04:42:30.621948 git.go:427: [Git] gitCheckoutBranch - repoDir: /tmp/plandex_server_data/orgs/6aaef103-b1ab-4c8c-8042-c121f40001ba/plans/d3b58b68-f88c-4f6f-b115-aaf7810fef61, branch: main
2025/06/02 04:42:30.621957 git.go:603: [Git] gitRemoveIndexLockFileIfExists - repoDir: /tmp/plandex_server_data/orgs/6aaef103-b1ab-4c8c-8042-c121f40001ba/plans/d3b58b68-f88c-4f6f-b115-aaf7810fef61
2025/06/02 04:42:30.625666 git.go:443: [Git] gitCheckoutBranch - currentBranch: main
2025/06/02 04:42:30.625745 git.go:446: [Git] gitCheckoutBranch - already on branch main, skipping
2025/06/02 04:42:30.625762 locks.go:464: [Lock] d3b58b68-f88c-4f6f-b115-aaf7810fef61 | get settings | Checked out branch
2025/06/02 04:42:30.625788 queue.go:190: [Queue] Acquired DB lock fd7a0ef3-8794-46de-8d38-a40d52c4c0a4
2025/06/02 04:42:30.625881 settings_helpers.go:26: GetPlanSettings - no settings file found for plan d3b58b68-f88c-4f6f-b115-aaf7810fef61 - checking org defaults
2025/06/02 04:42:30.627371 settings_helpers.go:105: GetOrgDefaultSettings - no rows - returning default settings
2025/06/02 04:42:30.627439 settings_helpers.go:35: GetPlanSettings - found org default settings for plan d3b58b68-f88c-4f6f-b115-aaf7810fef61
2025/06/02 04:42:30.627487 queue.go:193: [Queue] Releasing DB lock fd7a0ef3-8794-46de-8d38-a40d52c4c0a4 for plan d3b58b68-f88c-4f6f-b115-aaf7810fef61
2025/06/02 04:42:30.627695 settings.go:74: GetSettingsHandler processed successfully
2025/06/02 04:42:30.627994 setup.go:59: 

Completed: GET /plans/d3b58b68-f88c-4f6f-b115-aaf7810fef61/main/settings in 26.432858ms

2025/06/02 04:42:30.628141 locks.go:388: [Lock][Heartbeat] Timeout or context canceled during heartbeat loop for lock fd7a0ef3-8794-46de-8d38-a40d52c4c0a4 for plan d3b58b68-f88c-4f6f-b115-aaf7810fef61 | reason: get settings
2025/06/02 04:42:30.629421 setup.go:57: 

Request: GET /plans/d3b58b68-f88c-4f6f-b115-aaf7810fef61

2025/06/02 04:42:30.629711 plans_crud.go:128: Received request for GetPlanHandler
2025/06/02 04:42:30.629830 auth_helpers.go:442: authenticating request
2025/06/02 04:42:30.630081 locks.go:501: [Lock][Delete][110] Lock released: fd7a0ef3-8794-46de-8d38-a40d52c4c0a4 for plan d3b58b68-f88c-4f6f-b115-aaf7810fef61 | get settings
2025/06/02 04:42:30.630139 queue.go:198: [Queue] DB lock fd7a0ef3-8794-46de-8d38-a40d52c4c0a4 released successfully
2025/06/02 04:42:30.653009 auth_helpers.go:589: UserId: 7de205bd-e851-4579-8940-4f2cbb3b21ee, Email: local-admin@plandex.ai, OrgId: 6aaef103-b1ab-4c8c-8042-c121f40001ba
2025/06/02 04:42:30.653086 plans_crud.go:138: planId:  d3b58b68-f88c-4f6f-b115-aaf7810fef61
2025/06/02 04:42:30.653099 auth_helpers.go:648: authorizing plan
2025/06/02 04:42:30.658199 setup.go:59: 

Completed: GET /plans/d3b58b68-f88c-4f6f-b115-aaf7810fef61 in 28.771992ms

2025/06/02 04:42:30.659919 setup.go:57: 

Request: POST /projects/937532f3-b441-4fca-a384-61b11b163b48/plans/current_branches

2025/06/02 04:42:30.660103 plans_crud.go:560: Received request for CurrentBranchByPlanIdHandler
2025/06/02 04:42:30.660121 auth_helpers.go:442: authenticating request
2025/06/02 04:42:30.664753 auth_helpers.go:589: UserId: 7de205bd-e851-4579-8940-4f2cbb3b21ee, Email: local-admin@plandex.ai, OrgId: 6aaef103-b1ab-4c8c-8042-c121f40001ba
2025/06/02 04:42:30.664822 plans_crud.go:569: projectId:  937532f3-b441-4fca-a384-61b11b163b48
2025/06/02 04:42:30.664835 auth_helpers.go:600: authorizing project
2025/06/02 04:42:30.669236 plans_crud.go:638: Successfully processed GetCurrentBranchByPlanIdHandler request
2025/06/02 04:42:30.669443 setup.go:59: 

Completed: POST /projects/937532f3-b441-4fca-a384-61b11b163b48/plans/current_branches in 9.523044ms

2025/06/02 04:42:31.121658 handler.go:31: traces export: parse "https://https:%2F%2Flogfire-api.pydantic.dev/v1/traces": invalid port ":%2F%2Flogfire-api.pydantic.dev" after host
2025/06/02 04:42:37.133181 setup.go:57: 

Request: GET /plans/d3b58b68-f88c-4f6f-b115-aaf7810fef61/main/settings

2025/06/02 04:42:37.133555 settings.go:19: Received request for GetSettingsHandler
2025/06/02 04:42:37.133603 auth_helpers.go:442: authenticating request
2025/06/02 04:42:37.139164 auth_helpers.go:589: UserId: 7de205bd-e851-4579-8940-4f2cbb3b21ee, Email: local-admin@plandex.ai, OrgId: 6aaef103-b1ab-4c8c-8042-c121f40001ba
2025/06/02 04:42:37.139270 settings.go:30: planId:  d3b58b68-f88c-4f6f-b115-aaf7810fef61 branch:  main
2025/06/02 04:42:37.139290 auth_helpers.go:648: authorizing plan
2025/06/02 04:42:37.144723 queue.go:317: [Queue] ExecRepoOperation called for plan d3b58b68-f88c-4f6f-b115-aaf7810fef61, branch main, scope r, reason get settings
2025/06/02 04:42:37.152670 locks.go:166: [Lock][131] got lockable plan id for d3b58b68-f88c-4f6f-b115-aaf7810fef61 | reason: get settings
2025/06/02 04:42:37.154452 locks.go:227: [Lock][131] 0 locks found, 0 expired | reason: get settings
2025/06/02 04:42:37.162646 locks.go:383: Lock acquired: 88f83888-db49-4417-ad63-5c570e1a7f38 for plan d3b58b68-f88c-4f6f-b115-aaf7810fef61 with scope r | reason: get settings
2025/06/02 04:42:37.162769 git.go:603: [Git] gitRemoveIndexLockFileIfExists - repoDir: /tmp/plandex_server_data/orgs/6aaef103-b1ab-4c8c-8042-c121f40001ba/plans/d3b58b68-f88c-4f6f-b115-aaf7810fef61
2025/06/02 04:42:37.162829 git.go:427: [Git] gitCheckoutBranch - repoDir: /tmp/plandex_server_data/orgs/6aaef103-b1ab-4c8c-8042-c121f40001ba/plans/d3b58b68-f88c-4f6f-b115-aaf7810fef61, branch: main
2025/06/02 04:42:37.162842 git.go:603: [Git] gitRemoveIndexLockFileIfExists - repoDir: /tmp/plandex_server_data/orgs/6aaef103-b1ab-4c8c-8042-c121f40001ba/plans/d3b58b68-f88c-4f6f-b115-aaf7810fef61
2025/06/02 04:42:37.162838 locks.go:401: [Lock][Heartbeat] Will update heartbeat for d3b58b68-f88c-4f6f-b115-aaf7810fef61 | get settings | Heartbeat interval: 3s, jitter: 208.345241ms
2025/06/02 04:42:37.165729 git.go:443: [Git] gitCheckoutBranch - currentBranch: main
2025/06/02 04:42:37.165800 git.go:446: [Git] gitCheckoutBranch - already on branch main, skipping
2025/06/02 04:42:37.165817 locks.go:464: [Lock] d3b58b68-f88c-4f6f-b115-aaf7810fef61 | get settings | Checked out branch
2025/06/02 04:42:37.165861 queue.go:190: [Queue] Acquired DB lock 88f83888-db49-4417-ad63-5c570e1a7f38
2025/06/02 04:42:37.166007 settings_helpers.go:26: GetPlanSettings - no settings file found for plan d3b58b68-f88c-4f6f-b115-aaf7810fef61 - checking org defaults
2025/06/02 04:42:37.167892 settings_helpers.go:105: GetOrgDefaultSettings - no rows - returning default settings
2025/06/02 04:42:37.167963 settings_helpers.go:35: GetPlanSettings - found org default settings for plan d3b58b68-f88c-4f6f-b115-aaf7810fef61
2025/06/02 04:42:37.168010 queue.go:193: [Queue] Releasing DB lock 88f83888-db49-4417-ad63-5c570e1a7f38 for plan d3b58b68-f88c-4f6f-b115-aaf7810fef61
2025/06/02 04:42:37.168219 settings.go:74: GetSettingsHandler processed successfully
2025/06/02 04:42:37.168442 setup.go:59: 

Completed: GET /plans/d3b58b68-f88c-4f6f-b115-aaf7810fef61/main/settings in 35.261173ms

2025/06/02 04:42:37.168565 locks.go:388: [Lock][Heartbeat] Timeout or context canceled during heartbeat loop for lock 88f83888-db49-4417-ad63-5c570e1a7f38 for plan d3b58b68-f88c-4f6f-b115-aaf7810fef61 | reason: get settings
2025/06/02 04:42:37.169435 locks.go:501: [Lock][Delete][131] Lock released: 88f83888-db49-4417-ad63-5c570e1a7f38 for plan d3b58b68-f88c-4f6f-b115-aaf7810fef61 | get settings
2025/06/02 04:42:37.169485 queue.go:198: [Queue] DB lock 88f83888-db49-4417-ad63-5c570e1a7f38 released successfully
2025/06/02 04:42:40.378775 setup.go:57: 

Request: GET /model_sets

2025/06/02 04:42:40.378922 models.go:302: Received request for ListModelPacksHandler
2025/06/02 04:42:40.378939 auth_helpers.go:442: authenticating request
2025/06/02 04:42:40.383920 auth_helpers.go:589: UserId: 7de205bd-e851-4579-8940-4f2cbb3b21ee, Email: local-admin@plandex.ai, OrgId: 6aaef103-b1ab-4c8c-8042-c121f40001ba
2025/06/02 04:42:40.386584 models.go:324: Successfully fetched model packs
2025/06/02 04:42:40.387019 setup.go:59: 

Completed: GET /model_sets in 8.242383ms

2025/06/02 04:42:41.127226 handler.go:31: traces export: parse "https://https:%2F%2Flogfire-api.pydantic.dev/v1/traces": invalid port ":%2F%2Flogfire-api.pydantic.dev" after host
2025/06/02 08:58:33.758247 setup.go:57: 

Request: POST /custom_models

2025/06/02 08:58:33.758787 models.go:16: Received request for CreateCustomModelHandler
2025/06/02 08:58:33.758868 auth_helpers.go:442: authenticating request
2025/06/02 08:58:33.766053 auth_helpers.go:589: UserId: 7de205bd-e851-4579-8940-4f2cbb3b21ee, Email: local-admin@plandex.ai, OrgId: 6aaef103-b1ab-4c8c-8042-c121f40001ba
2025/06/02 08:58:33.812835 models.go:63: Successfully created custom model
2025/06/02 08:58:33.812979 setup.go:59: 

Completed: POST /custom_models in 54.732108ms

2025/06/02 08:58:36.625845 handler.go:31: traces export: parse "https://https:%2F%2Flogfire-api.pydantic.dev/v1/traces": invalid port ":%2F%2Flogfire-api.pydantic.dev" after host
2025/06/02 08:58:37.348669 setup.go:57: 

Request: GET /plans/d3b58b68-f88c-4f6f-b115-aaf7810fef61/main/settings

2025/06/02 08:58:37.349024 settings.go:19: Received request for GetSettingsHandler
2025/06/02 08:58:37.349090 auth_helpers.go:442: authenticating request
2025/06/02 08:58:37.356306 auth_helpers.go:589: UserId: 7de205bd-e851-4579-8940-4f2cbb3b21ee, Email: local-admin@plandex.ai, OrgId: 6aaef103-b1ab-4c8c-8042-c121f40001ba
2025/06/02 08:58:37.356483 settings.go:30: planId:  d3b58b68-f88c-4f6f-b115-aaf7810fef61 branch:  main
2025/06/02 08:58:37.356503 auth_helpers.go:648: authorizing plan
2025/06/02 08:58:37.359147 queue.go:317: [Queue] ExecRepoOperation called for plan d3b58b68-f88c-4f6f-b115-aaf7810fef61, branch main, scope r, reason get settings
2025/06/02 08:58:37.364041 locks.go:166: [Lock][136] got lockable plan id for d3b58b68-f88c-4f6f-b115-aaf7810fef61 | reason: get settings
2025/06/02 08:58:37.365216 locks.go:227: [Lock][136] 0 locks found, 0 expired | reason: get settings
2025/06/02 08:58:37.401263 locks.go:383: Lock acquired: d384894b-45e3-400e-a041-aa3bc7fb4638 for plan d3b58b68-f88c-4f6f-b115-aaf7810fef61 with scope r | reason: get settings
2025/06/02 08:58:37.401411 git.go:603: [Git] gitRemoveIndexLockFileIfExists - repoDir: /tmp/plandex_server_data/orgs/6aaef103-b1ab-4c8c-8042-c121f40001ba/plans/d3b58b68-f88c-4f6f-b115-aaf7810fef61
2025/06/02 08:58:37.401563 locks.go:401: [Lock][Heartbeat] Will update heartbeat for d3b58b68-f88c-4f6f-b115-aaf7810fef61 | get settings | Heartbeat interval: 3s, jitter: 217.581218ms
2025/06/02 08:58:37.401595 git.go:427: [Git] gitCheckoutBranch - repoDir: /tmp/plandex_server_data/orgs/6aaef103-b1ab-4c8c-8042-c121f40001ba/plans/d3b58b68-f88c-4f6f-b115-aaf7810fef61, branch: main
2025/06/02 08:58:37.401611 git.go:603: [Git] gitRemoveIndexLockFileIfExists - repoDir: /tmp/plandex_server_data/orgs/6aaef103-b1ab-4c8c-8042-c121f40001ba/plans/d3b58b68-f88c-4f6f-b115-aaf7810fef61
2025/06/02 08:58:37.403632 git.go:443: [Git] gitCheckoutBranch - currentBranch: main
2025/06/02 08:58:37.403690 git.go:446: [Git] gitCheckoutBranch - already on branch main, skipping
2025/06/02 08:58:37.403698 locks.go:464: [Lock] d3b58b68-f88c-4f6f-b115-aaf7810fef61 | get settings | Checked out branch
2025/06/02 08:58:37.403710 queue.go:190: [Queue] Acquired DB lock d384894b-45e3-400e-a041-aa3bc7fb4638
2025/06/02 08:58:37.403813 settings_helpers.go:26: GetPlanSettings - no settings file found for plan d3b58b68-f88c-4f6f-b115-aaf7810fef61 - checking org defaults
2025/06/02 08:58:37.405019 settings_helpers.go:105: GetOrgDefaultSettings - no rows - returning default settings
2025/06/02 08:58:37.405065 settings_helpers.go:35: GetPlanSettings - found org default settings for plan d3b58b68-f88c-4f6f-b115-aaf7810fef61
2025/06/02 08:58:37.405115 queue.go:193: [Queue] Releasing DB lock d384894b-45e3-400e-a041-aa3bc7fb4638 for plan d3b58b68-f88c-4f6f-b115-aaf7810fef61
2025/06/02 08:58:37.405358 settings.go:74: GetSettingsHandler processed successfully
2025/06/02 08:58:37.405494 setup.go:59: 

Completed: GET /plans/d3b58b68-f88c-4f6f-b115-aaf7810fef61/main/settings in 56.826311ms

2025/06/02 08:58:37.405536 locks.go:388: [Lock][Heartbeat] Timeout or context canceled during heartbeat loop for lock d384894b-45e3-400e-a041-aa3bc7fb4638 for plan d3b58b68-f88c-4f6f-b115-aaf7810fef61 | reason: get settings
2025/06/02 08:58:37.406047 locks.go:501: [Lock][Delete][136] Lock released: d384894b-45e3-400e-a041-aa3bc7fb4638 for plan d3b58b68-f88c-4f6f-b115-aaf7810fef61 | get settings
2025/06/02 08:58:37.406119 queue.go:198: [Queue] DB lock d384894b-45e3-400e-a041-aa3bc7fb4638 released successfully
2025/06/02 08:58:39.584781 setup.go:57: 

Request: GET /model_sets

2025/06/02 08:58:39.584928 models.go:302: Received request for ListModelPacksHandler
2025/06/02 08:58:39.584949 auth_helpers.go:442: authenticating request
2025/06/02 08:58:39.589275 auth_helpers.go:589: UserId: 7de205bd-e851-4579-8940-4f2cbb3b21ee, Email: local-admin@plandex.ai, OrgId: 6aaef103-b1ab-4c8c-8042-c121f40001ba
2025/06/02 08:58:39.591228 models.go:324: Successfully fetched model packs
2025/06/02 08:58:39.591322 setup.go:59: 

Completed: GET /model_sets in 6.541546ms

2025/06/02 08:58:41.626544 handler.go:31: traces export: parse "https://https:%2F%2Flogfire-api.pydantic.dev/v1/traces": invalid port ":%2F%2Flogfire-api.pydantic.dev" after host
2025/06/02 08:59:49.341608 setup.go:57: 

Request: GET /custom_models

2025/06/02 08:59:49.341805 models.go:138: Received request for ListCustomModelsHandler
2025/06/02 08:59:49.341855 auth_helpers.go:442: authenticating request
2025/06/02 08:59:49.346105 auth_helpers.go:589: UserId: 7de205bd-e851-4579-8940-4f2cbb3b21ee, Email: local-admin@plandex.ai, OrgId: 6aaef103-b1ab-4c8c-8042-c121f40001ba
2025/06/02 08:59:49.347323 models.go:154: Successfully fetched custom models
2025/06/02 08:59:49.347422 setup.go:59: 

Completed: GET /custom_models in 5.814391ms

2025/06/02 08:59:50.291327 handler.go:31: traces export: parse "https://https:%2F%2Flogfire-api.pydantic.dev/v1/traces": invalid port ":%2F%2Flogfire-api.pydantic.dev" after host
2025/06/02 09:00:33.399484 setup.go:57: 

Request: GET /model_sets

2025/06/02 09:00:33.399765 models.go:302: Received request for ListModelPacksHandler
2025/06/02 09:00:33.399811 auth_helpers.go:442: authenticating request
2025/06/02 09:00:33.404208 auth_helpers.go:589: UserId: 7de205bd-e851-4579-8940-4f2cbb3b21ee, Email: local-admin@plandex.ai, OrgId: 6aaef103-b1ab-4c8c-8042-c121f40001ba
2025/06/02 09:00:33.406182 models.go:324: Successfully fetched model packs
2025/06/02 09:00:33.406295 setup.go:59: 

Completed: GET /model_sets in 6.812741ms

2025/06/02 09:00:34.795015 handler.go:31: traces export: parse "https://https:%2F%2Flogfire-api.pydantic.dev/v1/traces": invalid port ":%2F%2Flogfire-api.pydantic.dev" after host
2025/06/02 09:18:08.013391 setup.go:57: 

Request: GET /custom_models

2025/06/02 09:18:08.013723 models.go:138: Received request for ListCustomModelsHandler
2025/06/02 09:18:08.013753 auth_helpers.go:442: authenticating request
2025/06/02 09:18:08.018923 auth_helpers.go:589: UserId: 7de205bd-e851-4579-8940-4f2cbb3b21ee, Email: local-admin@plandex.ai, OrgId: 6aaef103-b1ab-4c8c-8042-c121f40001ba
2025/06/02 09:18:08.020396 models.go:154: Successfully fetched custom models
2025/06/02 09:18:08.020526 setup.go:59: 

Completed: GET /custom_models in 7.13613ms

2025/06/02 09:18:10.758444 handler.go:31: traces export: parse "https://https:%2F%2Flogfire-api.pydantic.dev/v1/traces": invalid port ":%2F%2Flogfire-api.pydantic.dev" after host
2025/06/02 09:18:49.258194 setup.go:57: 

Request: GET /custom_models

2025/06/02 09:18:49.258553 models.go:138: Received request for ListCustomModelsHandler
2025/06/02 09:18:49.258582 auth_helpers.go:442: authenticating request
2025/06/02 09:18:49.263660 auth_helpers.go:589: UserId: 7de205bd-e851-4579-8940-4f2cbb3b21ee, Email: local-admin@plandex.ai, OrgId: 6aaef103-b1ab-4c8c-8042-c121f40001ba
2025/06/02 09:18:49.265072 models.go:154: Successfully fetched custom models
2025/06/02 09:18:49.265176 setup.go:59: 

Completed: GET /custom_models in 6.985235ms

2025/06/02 09:18:49.498409 handler.go:31: traces export: parse "https://https:%2F%2Flogfire-api.pydantic.dev/v1/traces": invalid port ":%2F%2Flogfire-api.pydantic.dev" after host
2025/06/02 09:19:11.706472 setup.go:57: 

Request: POST /model_sets

2025/06/02 09:19:11.706605 models.go:199: Received request for CreateModelPackHandler
2025/06/02 09:19:11.706617 auth_helpers.go:442: authenticating request
2025/06/02 09:19:11.710896 auth_helpers.go:589: UserId: 7de205bd-e851-4579-8940-4f2cbb3b21ee, Email: local-admin@plandex.ai, OrgId: 6aaef103-b1ab-4c8c-8042-c121f40001ba
2025/06/02 09:19:11.755941 models.go:235: Successfully created model pack
2025/06/02 09:19:11.756083 setup.go:59: 

Completed: POST /model_sets in 49.611073ms

2025/06/02 09:19:14.513730 handler.go:31: traces export: parse "https://https:%2F%2Flogfire-api.pydantic.dev/v1/traces": invalid port ":%2F%2Flogfire-api.pydantic.dev" after host
2025/06/02 09:19:20.418527 setup.go:57: 

Request: GET /plans/d3b58b68-f88c-4f6f-b115-aaf7810fef61/main/settings

2025/06/02 09:19:20.418937 settings.go:19: Received request for GetSettingsHandler
2025/06/02 09:19:20.418987 auth_helpers.go:442: authenticating request
2025/06/02 09:19:20.423604 auth_helpers.go:589: UserId: 7de205bd-e851-4579-8940-4f2cbb3b21ee, Email: local-admin@plandex.ai, OrgId: 6aaef103-b1ab-4c8c-8042-c121f40001ba
2025/06/02 09:19:20.423670 settings.go:30: planId:  d3b58b68-f88c-4f6f-b115-aaf7810fef61 branch:  main
2025/06/02 09:19:20.423680 auth_helpers.go:648: authorizing plan
2025/06/02 09:19:20.425403 queue.go:317: [Queue] ExecRepoOperation called for plan d3b58b68-f88c-4f6f-b115-aaf7810fef61, branch main, scope r, reason get settings
2025/06/02 09:19:20.430770 locks.go:166: [Lock][160] got lockable plan id for d3b58b68-f88c-4f6f-b115-aaf7810fef61 | reason: get settings
2025/06/02 09:19:20.431997 locks.go:227: [Lock][160] 0 locks found, 0 expired | reason: get settings
2025/06/02 09:19:20.474636 locks.go:383: Lock acquired: 551f3c01-b736-4a9c-96d2-b3b78619d822 for plan d3b58b68-f88c-4f6f-b115-aaf7810fef61 with scope r | reason: get settings
2025/06/02 09:19:20.474723 git.go:603: [Git] gitRemoveIndexLockFileIfExists - repoDir: /tmp/plandex_server_data/orgs/6aaef103-b1ab-4c8c-8042-c121f40001ba/plans/d3b58b68-f88c-4f6f-b115-aaf7810fef61
2025/06/02 09:19:20.474823 locks.go:401: [Lock][Heartbeat] Will update heartbeat for d3b58b68-f88c-4f6f-b115-aaf7810fef61 | get settings | Heartbeat interval: 3s, jitter: 223.636851ms
2025/06/02 09:19:20.474910 git.go:427: [Git] gitCheckoutBranch - repoDir: /tmp/plandex_server_data/orgs/6aaef103-b1ab-4c8c-8042-c121f40001ba/plans/d3b58b68-f88c-4f6f-b115-aaf7810fef61, branch: main
2025/06/02 09:19:20.474966 git.go:603: [Git] gitRemoveIndexLockFileIfExists - repoDir: /tmp/plandex_server_data/orgs/6aaef103-b1ab-4c8c-8042-c121f40001ba/plans/d3b58b68-f88c-4f6f-b115-aaf7810fef61
2025/06/02 09:19:20.476401 git.go:443: [Git] gitCheckoutBranch - currentBranch: main
2025/06/02 09:19:20.476444 git.go:446: [Git] gitCheckoutBranch - already on branch main, skipping
2025/06/02 09:19:20.476454 locks.go:464: [Lock] d3b58b68-f88c-4f6f-b115-aaf7810fef61 | get settings | Checked out branch
2025/06/02 09:19:20.476468 queue.go:190: [Queue] Acquired DB lock 551f3c01-b736-4a9c-96d2-b3b78619d822
2025/06/02 09:19:20.476529 settings_helpers.go:26: GetPlanSettings - no settings file found for plan d3b58b68-f88c-4f6f-b115-aaf7810fef61 - checking org defaults
2025/06/02 09:19:20.477734 settings_helpers.go:105: GetOrgDefaultSettings - no rows - returning default settings
2025/06/02 09:19:20.477771 settings_helpers.go:35: GetPlanSettings - found org default settings for plan d3b58b68-f88c-4f6f-b115-aaf7810fef61
2025/06/02 09:19:20.477796 queue.go:193: [Queue] Releasing DB lock 551f3c01-b736-4a9c-96d2-b3b78619d822 for plan d3b58b68-f88c-4f6f-b115-aaf7810fef61
2025/06/02 09:19:20.478041 settings.go:74: GetSettingsHandler processed successfully
2025/06/02 09:19:20.478227 setup.go:59: 

Completed: GET /plans/d3b58b68-f88c-4f6f-b115-aaf7810fef61/main/settings in 59.701263ms

2025/06/02 09:19:20.478301 locks.go:388: [Lock][Heartbeat] Timeout or context canceled during heartbeat loop for lock 551f3c01-b736-4a9c-96d2-b3b78619d822 for plan d3b58b68-f88c-4f6f-b115-aaf7810fef61 | reason: get settings
2025/06/02 09:19:20.478472 locks.go:501: [Lock][Delete][160] Lock released: 551f3c01-b736-4a9c-96d2-b3b78619d822 for plan d3b58b68-f88c-4f6f-b115-aaf7810fef61 | get settings
2025/06/02 09:19:20.478546 queue.go:198: [Queue] DB lock 551f3c01-b736-4a9c-96d2-b3b78619d822 released successfully
2025/06/02 09:19:21.155727 setup.go:57: 

Request: GET /model_sets

2025/06/02 09:19:21.155844 models.go:302: Received request for ListModelPacksHandler
2025/06/02 09:19:21.155854 auth_helpers.go:442: authenticating request
2025/06/02 09:19:21.160107 auth_helpers.go:589: UserId: 7de205bd-e851-4579-8940-4f2cbb3b21ee, Email: local-admin@plandex.ai, OrgId: 6aaef103-b1ab-4c8c-8042-c121f40001ba
2025/06/02 09:19:21.162090 models.go:324: Successfully fetched model packs
2025/06/02 09:19:21.162193 setup.go:59: 

Completed: GET /model_sets in 6.466839ms

2025/06/02 09:19:22.773928 setup.go:57: 

Request: PUT /plans/d3b58b68-f88c-4f6f-b115-aaf7810fef61/main/settings

2025/06/02 09:19:22.774149 settings.go:80: Received request for UpdateSettingsHandler
2025/06/02 09:19:22.774167 auth_helpers.go:442: authenticating request
2025/06/02 09:19:22.778613 auth_helpers.go:589: UserId: 7de205bd-e851-4579-8940-4f2cbb3b21ee, Email: local-admin@plandex.ai, OrgId: 6aaef103-b1ab-4c8c-8042-c121f40001ba
2025/06/02 09:19:22.778675 settings.go:91: planId:  d3b58b68-f88c-4f6f-b115-aaf7810fef61 branch:  main
2025/06/02 09:19:22.778688 auth_helpers.go:648: authorizing plan
2025/06/02 09:19:22.781153 queue.go:317: [Queue] ExecRepoOperation called for plan d3b58b68-f88c-4f6f-b115-aaf7810fef61, branch main, scope w, reason update settings
2025/06/02 09:19:22.782783 locks.go:166: [Lock][216] got lockable plan id for d3b58b68-f88c-4f6f-b115-aaf7810fef61 | reason: update settings
2025/06/02 09:19:22.783703 locks.go:227: [Lock][216] 0 locks found, 0 expired | reason: update settings
2025/06/02 09:19:22.826530 locks.go:383: Lock acquired: 272f6124-4868-42a5-a242-14e3c4ae058c for plan d3b58b68-f88c-4f6f-b115-aaf7810fef61 with scope w | reason: update settings
2025/06/02 09:19:22.826635 git.go:603: [Git] gitRemoveIndexLockFileIfExists - repoDir: /tmp/plandex_server_data/orgs/6aaef103-b1ab-4c8c-8042-c121f40001ba/plans/d3b58b68-f88c-4f6f-b115-aaf7810fef61
2025/06/02 09:19:22.826656 locks.go:401: [Lock][Heartbeat] Will update heartbeat for d3b58b68-f88c-4f6f-b115-aaf7810fef61 | update settings | Heartbeat interval: 3s, jitter: 95.749483ms
2025/06/02 09:19:22.826696 git.go:427: [Git] gitCheckoutBranch - repoDir: /tmp/plandex_server_data/orgs/6aaef103-b1ab-4c8c-8042-c121f40001ba/plans/d3b58b68-f88c-4f6f-b115-aaf7810fef61, branch: main
2025/06/02 09:19:22.826717 git.go:603: [Git] gitRemoveIndexLockFileIfExists - repoDir: /tmp/plandex_server_data/orgs/6aaef103-b1ab-4c8c-8042-c121f40001ba/plans/d3b58b68-f88c-4f6f-b115-aaf7810fef61
2025/06/02 09:19:22.828161 git.go:443: [Git] gitCheckoutBranch - currentBranch: main
2025/06/02 09:19:22.828205 git.go:446: [Git] gitCheckoutBranch - already on branch main, skipping
2025/06/02 09:19:22.828216 locks.go:464: [Lock] d3b58b68-f88c-4f6f-b115-aaf7810fef61 | update settings | Checked out branch
2025/06/02 09:19:22.828232 queue.go:190: [Queue] Acquired DB lock 272f6124-4868-42a5-a242-14e3c4ae058c
2025/06/02 09:19:22.828294 settings_helpers.go:26: GetPlanSettings - no settings file found for plan d3b58b68-f88c-4f6f-b115-aaf7810fef61 - checking org defaults
2025/06/02 09:19:22.829579 settings_helpers.go:105: GetOrgDefaultSettings - no rows - returning default settings
2025/06/02 09:19:22.829640 settings_helpers.go:35: GetPlanSettings - found org default settings for plan d3b58b68-f88c-4f6f-b115-aaf7810fef61
2025/06/02 09:19:22.843488 git.go:66: [Git] GitAddAndCommit - orgId: 6aaef103-b1ab-4c8c-8042-c121f40001ba, planId: d3b58b68-f88c-4f6f-b115-aaf7810fef61, branch: main, message: ⚙️  Updated model settings:
  • model-pack.id |  → 0afcc462-fa5f-4417-b69d-648bcaac551f
  • model-pack.name | daily-driver → aistudio
  • model-pack.description | A mix of models from Anthropic, OpenAI, and Google that balances speed, quality, and cost. Supports up to 2M context. Plandex prompts are especially tested and optimized for this pack. → 
  • model-pack.planner.provider | openrouter → custom
  • model-pack.planner.base-url | https://openrouter.ai/api/v1 → http://localhost:2048/v1
  • model-pack.planner.model-name | anthropic/claude-3.7-sonnet → gemini-2.5-pro-preview-05-06
  • model-pack.planner.model-id | anthropic/claude-3.7-sonnet → gemini-2.5-pro-preview-05-06
  • model-pack.planner.max-tokens | 200000 → 1000000
  • model-pack.planner.max-output-tokens | 128000 → 8192
  • model-pack.planner.reserved-output-tokens | 20000 → 8192
  • model-pack.planner.api-key-env-var | OPENROUTER_API_KEY → GEMINI_API_KEY
  • model-pack.planner.preferred-model-output-format | xml → 
  • model-pack.planner.supports-cache-control | true → false
  • model-pack.planner.single-message-no-system-prompt | true → false
  • model-pack.planner.token-estimate-padding-pct | 0.1 → 0
  • model-pack.planner.reserved-output-tokens | 0 → 8192
  • model-pack.coder.provider | openrouter → custom
  • model-pack.coder.base-url | https://openrouter.ai/api/v1 → http://localhost:2048/v1
  • model-pack.coder.model-name | anthropic/claude-3.7-sonnet → gemini-2.5-pro-preview-05-06
  • model-pack.coder.model-id | anthropic/claude-3.7-sonnet → gemini-2.5-pro-preview-05-06
  • model-pack.coder.max-tokens | 200000 → 1000000
  • model-pack.coder.max-output-tokens | 128000 → 8192
  • model-pack.coder.reserved-output-tokens | 20000 → 8192
  • model-pack.coder.api-key-env-var | OPENROUTER_API_KEY → GEMINI_API_KEY
  • model-pack.coder.preferred-model-output-format | xml → 
  • model-pack.coder.supports-cache-control | true → false
  • model-pack.coder.single-message-no-system-prompt | true → false
  • model-pack.coder.token-estimate-padding-pct | 0.1 → 0
  • model-pack.plan-summary.provider | openai → custom
  • model-pack.plan-summary.base-url | https://api.openai.com/v1 → http://localhost:2048/v1
  • model-pack.plan-summary.model-name | o4-mini → gemini-2.5-pro-preview-05-06
  • model-pack.plan-summary.model-id | openai/o4-mini-low → gemini-2.5-pro-preview-05-06
  • model-pack.plan-summary.max-tokens | 200000 → 1000000
  • model-pack.plan-summary.max-output-tokens | 100000 → 8192
  • model-pack.plan-summary.reserved-output-tokens | 40000 → 8192
  • model-pack.plan-summary.api-key-env-var | OPENAI_API_KEY → GEMINI_API_KEY
  • model-pack.plan-summary.preferred-model-output-format | tool-call-json → 
  • model-pack.plan-summary.role-params-disabled | true → false
  • model-pack.plan-summary.stop-disabled | true → false
  • model-pack.plan-summary.reasoning-effort-enabled | true → false
  • model-pack.plan-summary.reasoning-effort | low → 
  • model-pack.builder.provider | openai → custom
  • model-pack.builder.base-url | https://api.openai.com/v1 → http://localhost:2048/v1
  • model-pack.builder.model-name | o4-mini → gemini-2.5-pro-preview-05-06
  • model-pack.builder.model-id | openai/o4-mini-medium → gemini-2.5-pro-preview-05-06
  • model-pack.builder.max-tokens | 200000 → 1000000
  • model-pack.builder.max-output-tokens | 100000 → 8192
  • model-pack.builder.reserved-output-tokens | 40000 → 8192
  • model-pack.builder.api-key-env-var | OPENAI_API_KEY → GEMINI_API_KEY
  • model-pack.builder.preferred-model-output-format | tool-call-json → 
  • model-pack.builder.role-params-disabled | true → false
  • model-pack.builder.stop-disabled | true → false
  • model-pack.builder.reasoning-effort-enabled | true → false
  • model-pack.builder.reasoning-effort | medium → 
  • model-pack.builder.reserved-output-tokens | 0 → 8192
  • model-pack.namer.provider | openai → custom
  • model-pack.namer.base-url | https://api.openai.com/v1 → http://localhost:2048/v1
  • model-pack.namer.model-name | gpt-4.1-mini → gemini-2.5-pro-preview-05-06
  • model-pack.namer.model-id | openai/gpt-4.1-mini → gemini-2.5-pro-preview-05-06
  • model-pack.namer.max-tokens | 1047576 → 1000000
  • model-pack.namer.max-output-tokens | 32768 → 8192
  • model-pack.namer.reserved-output-tokens | 32768 → 8192
  • model-pack.namer.api-key-env-var | OPENAI_API_KEY → GEMINI_API_KEY
  • model-pack.namer.preferred-model-output-format | tool-call-json → 
  • model-pack.commit-msg.provider | openai → custom
  • model-pack.commit-msg.base-url | https://api.openai.com/v1 → http://localhost:2048/v1
  • model-pack.commit-msg.model-name | gpt-4.1-mini → gemini-2.5-pro-preview-05-06
  • model-pack.commit-msg.model-id | openai/gpt-4.1-mini → gemini-2.5-pro-preview-05-06
  • model-pack.commit-msg.max-tokens | 1047576 → 1000000
  • model-pack.commit-msg.max-output-tokens | 32768 → 8192
  • model-pack.commit-msg.reserved-output-tokens | 32768 → 8192
  • model-pack.commit-msg.api-key-env-var | OPENAI_API_KEY → GEMINI_API_KEY
  • model-pack.commit-msg.preferred-model-output-format | tool-call-json → 
  • model-pack.exec-status.provider | openai → custom
  • model-pack.exec-status.base-url | https://api.openai.com/v1 → http://localhost:2048/v1
  • model-pack.exec-status.model-name | o4-mini → gemini-2.5-pro-preview-05-06
  • model-pack.exec-status.model-id | openai/o4-mini-low → gemini-2.5-pro-preview-05-06
  • model-pack.exec-status.max-tokens | 200000 → 1000000
  • model-pack.exec-status.max-output-tokens | 100000 → 8192
  • model-pack.exec-status.reserved-output-tokens | 40000 → 8192
  • model-pack.exec-status.api-key-env-var | OPENAI_API_KEY → GEMINI_API_KEY
  • model-pack.exec-status.preferred-model-output-format | tool-call-json → 
  • model-pack.exec-status.role-params-disabled | true → false
  • model-pack.exec-status.stop-disabled | true → false
  • model-pack.exec-status.reasoning-effort-enabled | true → false
  • model-pack.exec-status.reasoning-effort | low → 
  • model-pack.architect.provider | openrouter → custom
  • model-pack.architect.base-url | https://openrouter.ai/api/v1 → http://localhost:2048/v1
  • model-pack.architect.model-name | anthropic/claude-3.7-sonnet → gemini-2.5-pro-preview-05-06
  • model-pack.architect.model-id | anthropic/claude-3.7-sonnet → gemini-2.5-pro-preview-05-06
  • model-pack.architect.max-tokens | 200000 → 1000000
  • model-pack.architect.max-output-tokens | 128000 → 8192
  • model-pack.architect.reserved-output-tokens | 20000 → 8192
  • model-pack.architect.api-key-env-var | OPENROUTER_API_KEY → GEMINI_API_KEY
  • model-pack.architect.preferred-model-output-format | xml → 
  • model-pack.architect.supports-cache-control | true → false
  • model-pack.architect.single-message-no-system-prompt | true → false
  • model-pack.architect.token-estimate-padding-pct | 0.1 → 0
2025/06/02 09:19:22.843563 git.go:647: [Git] gitWriteOperation - label: GitAddAndCommit > gitAdd: plan=d3b58b68-f88c-4f6f-b115-aaf7810fef61 branch=main
2025/06/02 09:19:22.843570 git.go:603: [Git] gitRemoveIndexLockFileIfExists - repoDir: /tmp/plandex_server_data/orgs/6aaef103-b1ab-4c8c-8042-c121f40001ba/plans/d3b58b68-f88c-4f6f-b115-aaf7810fef61
2025/06/02 09:19:22.852601 git.go:647: [Git] gitWriteOperation - label: GitAddAndCommit > gitCommit: plan=d3b58b68-f88c-4f6f-b115-aaf7810fef61 branch=main
2025/06/02 09:19:22.852651 git.go:603: [Git] gitRemoveIndexLockFileIfExists - repoDir: /tmp/plandex_server_data/orgs/6aaef103-b1ab-4c8c-8042-c121f40001ba/plans/d3b58b68-f88c-4f6f-b115-aaf7810fef61
2025/06/02 09:19:22.873342 queue.go:193: [Queue] Releasing DB lock 272f6124-4868-42a5-a242-14e3c4ae058c for plan d3b58b68-f88c-4f6f-b115-aaf7810fef61
2025/06/02 09:19:22.873684 settings.go:170: UpdateSettingsHandler processed successfully
2025/06/02 09:19:22.873758 setup.go:59: 

Completed: PUT /plans/d3b58b68-f88c-4f6f-b115-aaf7810fef61/main/settings in 99.830237ms

2025/06/02 09:19:22.873793 locks.go:388: [Lock][Heartbeat] Timeout or context canceled during heartbeat loop for lock 272f6124-4868-42a5-a242-14e3c4ae058c for plan d3b58b68-f88c-4f6f-b115-aaf7810fef61 | reason: update settings
2025/06/02 09:19:22.874572 locks.go:501: [Lock][Delete][216] Lock released: 272f6124-4868-42a5-a242-14e3c4ae058c for plan d3b58b68-f88c-4f6f-b115-aaf7810fef61 | update settings
2025/06/02 09:19:22.874618 queue.go:198: [Queue] DB lock 272f6124-4868-42a5-a242-14e3c4ae058c released successfully
2025/06/02 09:19:23.824131 handler.go:31: traces export: parse "https://https:%2F%2Flogfire-api.pydantic.dev/v1/traces": invalid port ":%2F%2Flogfire-api.pydantic.dev" after host
2025/06/02 09:19:37.339163 setup.go:57: 

Request: GET /plans/d3b58b68-f88c-4f6f-b115-aaf7810fef61/config

2025/06/02 09:19:37.339520 plan_config.go:17: Received request for GetPlanConfigHandler
2025/06/02 09:19:37.339585 auth_helpers.go:442: authenticating request
2025/06/02 09:19:37.343250 auth_helpers.go:589: UserId: 7de205bd-e851-4579-8940-4f2cbb3b21ee, Email: local-admin@plandex.ai, OrgId: 6aaef103-b1ab-4c8c-8042-c121f40001ba
2025/06/02 09:19:37.343318 plan_config.go:27: planId:  d3b58b68-f88c-4f6f-b115-aaf7810fef61
2025/06/02 09:19:37.343330 auth_helpers.go:648: authorizing plan
2025/06/02 09:19:37.345379 plan_config.go:53: GetPlanConfigHandler processed successfully
2025/06/02 09:19:37.345485 setup.go:59: 

Completed: GET /plans/d3b58b68-f88c-4f6f-b115-aaf7810fef61/config in 6.321823ms

2025/06/02 09:19:37.346510 setup.go:57: 

Request: GET /plans/d3b58b68-f88c-4f6f-b115-aaf7810fef61/main/settings

2025/06/02 09:19:37.346812 settings.go:19: Received request for GetSettingsHandler
2025/06/02 09:19:37.346876 auth_helpers.go:442: authenticating request
2025/06/02 09:19:37.353589 auth_helpers.go:589: UserId: 7de205bd-e851-4579-8940-4f2cbb3b21ee, Email: local-admin@plandex.ai, OrgId: 6aaef103-b1ab-4c8c-8042-c121f40001ba
2025/06/02 09:19:37.353659 settings.go:30: planId:  d3b58b68-f88c-4f6f-b115-aaf7810fef61 branch:  main
2025/06/02 09:19:37.353670 auth_helpers.go:648: authorizing plan
2025/06/02 09:19:37.355418 queue.go:317: [Queue] ExecRepoOperation called for plan d3b58b68-f88c-4f6f-b115-aaf7810fef61, branch main, scope r, reason get settings
2025/06/02 09:19:37.359421 locks.go:166: [Lock][261] got lockable plan id for d3b58b68-f88c-4f6f-b115-aaf7810fef61 | reason: get settings
2025/06/02 09:19:37.360293 locks.go:227: [Lock][261] 0 locks found, 0 expired | reason: get settings
2025/06/02 09:19:37.362865 locks.go:383: Lock acquired: 855a9535-328a-48da-9a26-343fc1108a11 for plan d3b58b68-f88c-4f6f-b115-aaf7810fef61 with scope r | reason: get settings
2025/06/02 09:19:37.362925 git.go:603: [Git] gitRemoveIndexLockFileIfExists - repoDir: /tmp/plandex_server_data/orgs/6aaef103-b1ab-4c8c-8042-c121f40001ba/plans/d3b58b68-f88c-4f6f-b115-aaf7810fef61
2025/06/02 09:19:37.362967 locks.go:401: [Lock][Heartbeat] Will update heartbeat for d3b58b68-f88c-4f6f-b115-aaf7810fef61 | get settings | Heartbeat interval: 3s, jitter: 209.268031ms
2025/06/02 09:19:37.362998 git.go:427: [Git] gitCheckoutBranch - repoDir: /tmp/plandex_server_data/orgs/6aaef103-b1ab-4c8c-8042-c121f40001ba/plans/d3b58b68-f88c-4f6f-b115-aaf7810fef61, branch: main
2025/06/02 09:19:37.363009 git.go:603: [Git] gitRemoveIndexLockFileIfExists - repoDir: /tmp/plandex_server_data/orgs/6aaef103-b1ab-4c8c-8042-c121f40001ba/plans/d3b58b68-f88c-4f6f-b115-aaf7810fef61
2025/06/02 09:19:37.364515 git.go:443: [Git] gitCheckoutBranch - currentBranch: main
2025/06/02 09:19:37.364569 git.go:446: [Git] gitCheckoutBranch - already on branch main, skipping
2025/06/02 09:19:37.364577 locks.go:464: [Lock] d3b58b68-f88c-4f6f-b115-aaf7810fef61 | get settings | Checked out branch
2025/06/02 09:19:37.364589 queue.go:190: [Queue] Acquired DB lock 855a9535-328a-48da-9a26-343fc1108a11
2025/06/02 09:19:37.364711 settings_helpers.go:53: GetPlanSettings - settings found in file
2025/06/02 09:19:37.364949 queue.go:193: [Queue] Releasing DB lock 855a9535-328a-48da-9a26-343fc1108a11 for plan d3b58b68-f88c-4f6f-b115-aaf7810fef61
2025/06/02 09:19:37.365054 settings.go:74: GetSettingsHandler processed successfully
2025/06/02 09:19:37.365211 setup.go:59: 

Completed: GET /plans/d3b58b68-f88c-4f6f-b115-aaf7810fef61/main/settings in 18.701602ms

2025/06/02 09:19:37.365287 locks.go:388: [Lock][Heartbeat] Timeout or context canceled during heartbeat loop for lock 855a9535-328a-48da-9a26-343fc1108a11 for plan d3b58b68-f88c-4f6f-b115-aaf7810fef61 | reason: get settings
2025/06/02 09:19:37.366112 locks.go:501: [Lock][Delete][261] Lock released: 855a9535-328a-48da-9a26-343fc1108a11 for plan d3b58b68-f88c-4f6f-b115-aaf7810fef61 | get settings
2025/06/02 09:19:37.366176 queue.go:198: [Queue] DB lock 855a9535-328a-48da-9a26-343fc1108a11 released successfully
2025/06/02 09:19:38.830798 handler.go:31: traces export: parse "https://https:%2F%2Flogfire-api.pydantic.dev/v1/traces": invalid port ":%2F%2Flogfire-api.pydantic.dev" after host
2025/06/02 09:19:48.261874 setup.go:57: 

Request: GET /plans/d3b58b68-f88c-4f6f-b115-aaf7810fef61/config

2025/06/02 09:19:48.262108 plan_config.go:17: Received request for GetPlanConfigHandler
2025/06/02 09:19:48.262146 auth_helpers.go:442: authenticating request
2025/06/02 09:19:48.268200 auth_helpers.go:589: UserId: 7de205bd-e851-4579-8940-4f2cbb3b21ee, Email: local-admin@plandex.ai, OrgId: 6aaef103-b1ab-4c8c-8042-c121f40001ba
2025/06/02 09:19:48.268266 plan_config.go:27: planId:  d3b58b68-f88c-4f6f-b115-aaf7810fef61
2025/06/02 09:19:48.268276 auth_helpers.go:648: authorizing plan
2025/06/02 09:19:48.270129 plan_config.go:53: GetPlanConfigHandler processed successfully
2025/06/02 09:19:48.270249 setup.go:59: 

Completed: GET /plans/d3b58b68-f88c-4f6f-b115-aaf7810fef61/config in 8.376342ms

2025/06/02 09:19:48.271521 setup.go:57: 

Request: GET /plans/d3b58b68-f88c-4f6f-b115-aaf7810fef61/main/settings

2025/06/02 09:19:48.271704 settings.go:19: Received request for GetSettingsHandler
2025/06/02 09:19:48.271741 auth_helpers.go:442: authenticating request
2025/06/02 09:19:48.276574 auth_helpers.go:589: UserId: 7de205bd-e851-4579-8940-4f2cbb3b21ee, Email: local-admin@plandex.ai, OrgId: 6aaef103-b1ab-4c8c-8042-c121f40001ba
2025/06/02 09:19:48.277117 settings.go:30: planId:  d3b58b68-f88c-4f6f-b115-aaf7810fef61 branch:  main
2025/06/02 09:19:48.277169 auth_helpers.go:648: authorizing plan
2025/06/02 09:19:48.280325 queue.go:317: [Queue] ExecRepoOperation called for plan d3b58b68-f88c-4f6f-b115-aaf7810fef61, branch main, scope r, reason get settings
2025/06/02 09:19:48.284242 locks.go:166: [Lock][266] got lockable plan id for d3b58b68-f88c-4f6f-b115-aaf7810fef61 | reason: get settings
2025/06/02 09:19:48.285670 locks.go:227: [Lock][266] 0 locks found, 0 expired | reason: get settings
2025/06/02 09:19:48.289749 locks.go:383: Lock acquired: 99acd536-c14b-42a4-8814-0bf7906e0a10 for plan d3b58b68-f88c-4f6f-b115-aaf7810fef61 with scope r | reason: get settings
2025/06/02 09:19:48.289819 git.go:603: [Git] gitRemoveIndexLockFileIfExists - repoDir: /tmp/plandex_server_data/orgs/6aaef103-b1ab-4c8c-8042-c121f40001ba/plans/d3b58b68-f88c-4f6f-b115-aaf7810fef61
2025/06/02 09:19:48.289873 locks.go:401: [Lock][Heartbeat] Will update heartbeat for d3b58b68-f88c-4f6f-b115-aaf7810fef61 | get settings | Heartbeat interval: 3s, jitter: 261.134908ms
2025/06/02 09:19:48.289950 git.go:427: [Git] gitCheckoutBranch - repoDir: /tmp/plandex_server_data/orgs/6aaef103-b1ab-4c8c-8042-c121f40001ba/plans/d3b58b68-f88c-4f6f-b115-aaf7810fef61, branch: main
2025/06/02 09:19:48.289979 git.go:603: [Git] gitRemoveIndexLockFileIfExists - repoDir: /tmp/plandex_server_data/orgs/6aaef103-b1ab-4c8c-8042-c121f40001ba/plans/d3b58b68-f88c-4f6f-b115-aaf7810fef61
2025/06/02 09:19:48.292004 git.go:443: [Git] gitCheckoutBranch - currentBranch: main
2025/06/02 09:19:48.292076 git.go:446: [Git] gitCheckoutBranch - already on branch main, skipping
2025/06/02 09:19:48.292089 locks.go:464: [Lock] d3b58b68-f88c-4f6f-b115-aaf7810fef61 | get settings | Checked out branch
2025/06/02 09:19:48.292111 queue.go:190: [Queue] Acquired DB lock 99acd536-c14b-42a4-8814-0bf7906e0a10
2025/06/02 09:19:48.292215 settings_helpers.go:53: GetPlanSettings - settings found in file
2025/06/02 09:19:48.292483 queue.go:193: [Queue] Releasing DB lock 99acd536-c14b-42a4-8814-0bf7906e0a10 for plan d3b58b68-f88c-4f6f-b115-aaf7810fef61
2025/06/02 09:19:48.292671 settings.go:74: GetSettingsHandler processed successfully
2025/06/02 09:19:48.292858 setup.go:59: 

Completed: GET /plans/d3b58b68-f88c-4f6f-b115-aaf7810fef61/main/settings in 21.337349ms

2025/06/02 09:19:48.292965 locks.go:388: [Lock][Heartbeat] Timeout or context canceled during heartbeat loop for lock 99acd536-c14b-42a4-8814-0bf7906e0a10 for plan d3b58b68-f88c-4f6f-b115-aaf7810fef61 | reason: get settings
2025/06/02 09:19:48.293582 locks.go:501: [Lock][Delete][266] Lock released: 99acd536-c14b-42a4-8814-0bf7906e0a10 for plan d3b58b68-f88c-4f6f-b115-aaf7810fef61 | get settings
2025/06/02 09:19:48.293631 queue.go:198: [Queue] DB lock 99acd536-c14b-42a4-8814-0bf7906e0a10 released successfully
2025/06/02 09:19:48.622091 setup.go:57: 

Request: GET /plans/d3b58b68-f88c-4f6f-b115-aaf7810fef61/main/context

2025/06/02 09:19:48.622252 plans_context.go:18: Received request for ListContextHandler
2025/06/02 09:19:48.622319 auth_helpers.go:442: authenticating request
2025/06/02 09:19:48.625206 auth_helpers.go:589: UserId: 7de205bd-e851-4579-8940-4f2cbb3b21ee, Email: local-admin@plandex.ai, OrgId: 6aaef103-b1ab-4c8c-8042-c121f40001ba
2025/06/02 09:19:48.625259 plans_context.go:28: planId:  d3b58b68-f88c-4f6f-b115-aaf7810fef61 branch:  main
2025/06/02 09:19:48.625268 auth_helpers.go:648: authorizing plan
2025/06/02 09:19:48.626392 queue.go:317: [Queue] ExecRepoOperation called for plan d3b58b68-f88c-4f6f-b115-aaf7810fef61, branch main, scope r, reason list contexts
2025/06/02 09:19:48.632452 locks.go:166: [Lock][192] got lockable plan id for d3b58b68-f88c-4f6f-b115-aaf7810fef61 | reason: list contexts
2025/06/02 09:19:48.633255 locks.go:227: [Lock][192] 0 locks found, 0 expired | reason: list contexts
2025/06/02 09:19:48.675450 locks.go:383: Lock acquired: 7cddb5a0-93a6-4853-862f-73f36cc6e8fb for plan d3b58b68-f88c-4f6f-b115-aaf7810fef61 with scope r | reason: list contexts
2025/06/02 09:19:48.675538 git.go:603: [Git] gitRemoveIndexLockFileIfExists - repoDir: /tmp/plandex_server_data/orgs/6aaef103-b1ab-4c8c-8042-c121f40001ba/plans/d3b58b68-f88c-4f6f-b115-aaf7810fef61
2025/06/02 09:19:48.675561 locks.go:401: [Lock][Heartbeat] Will update heartbeat for d3b58b68-f88c-4f6f-b115-aaf7810fef61 | list contexts | Heartbeat interval: 3s, jitter: 133.102435ms
2025/06/02 09:19:48.675716 git.go:427: [Git] gitCheckoutBranch - repoDir: /tmp/plandex_server_data/orgs/6aaef103-b1ab-4c8c-8042-c121f40001ba/plans/d3b58b68-f88c-4f6f-b115-aaf7810fef61, branch: main
2025/06/02 09:19:48.675727 git.go:603: [Git] gitRemoveIndexLockFileIfExists - repoDir: /tmp/plandex_server_data/orgs/6aaef103-b1ab-4c8c-8042-c121f40001ba/plans/d3b58b68-f88c-4f6f-b115-aaf7810fef61
2025/06/02 09:19:48.677600 git.go:443: [Git] gitCheckoutBranch - currentBranch: main
2025/06/02 09:19:48.677667 git.go:446: [Git] gitCheckoutBranch - already on branch main, skipping
2025/06/02 09:19:48.677683 locks.go:464: [Lock] d3b58b68-f88c-4f6f-b115-aaf7810fef61 | list contexts | Checked out branch
2025/06/02 09:19:48.677703 queue.go:190: [Queue] Acquired DB lock 7cddb5a0-93a6-4853-862f-73f36cc6e8fb
2025/06/02 09:19:48.679427 queue.go:193: [Queue] Releasing DB lock 7cddb5a0-93a6-4853-862f-73f36cc6e8fb for plan d3b58b68-f88c-4f6f-b115-aaf7810fef61
2025/06/02 09:19:48.680725 locks.go:501: [Lock][Delete][192] Lock released: 7cddb5a0-93a6-4853-862f-73f36cc6e8fb for plan d3b58b68-f88c-4f6f-b115-aaf7810fef61 | list contexts
2025/06/02 09:19:48.680823 queue.go:198: [Queue] DB lock 7cddb5a0-93a6-4853-862f-73f36cc6e8fb released successfully
2025/06/02 09:19:48.680758 setup.go:59: 

Completed: GET /plans/d3b58b68-f88c-4f6f-b115-aaf7810fef61/main/context in 58.665909ms

2025/06/02 09:19:48.680945 locks.go:388: [Lock][Heartbeat] Timeout or context canceled during heartbeat loop for lock 7cddb5a0-93a6-4853-862f-73f36cc6e8fb for plan d3b58b68-f88c-4f6f-b115-aaf7810fef61 | reason: list contexts
2025/06/02 09:19:49.088131 setup.go:57: 

Request: POST /file_map

2025/06/02 09:19:49.088261 file_maps.go:17: Received request for GetFileMapHandler
2025/06/02 09:19:49.088302 auth_helpers.go:442: authenticating request
2025/06/02 09:19:49.091043 auth_helpers.go:589: UserId: 7de205bd-e851-4579-8940-4f2cbb3b21ee, Email: local-admin@plandex.ai, OrgId: 6aaef103-b1ab-4c8c-8042-c121f40001ba
2025/06/02 09:19:49.091260 file_maps.go:31: GetFileMapHandler: checking limits
2025/06/02 09:19:49.091292 file_maps_queue.go:71: queueProjectMapJob: len(projectMapQueue): 0
2025/06/02 09:19:49.091324 file_maps_queue.go:85: mapWorker: len(job.inputs): 85
2025/06/02 09:19:49.091524 file_maps.go:99: GetFileMapHandler success - writing response bytes: 5197
2025/06/02 09:19:49.091587 setup.go:59: 

Completed: POST /file_map in 3.456873ms

2025/06/02 09:19:49.092186 setup.go:57: 

Request: GET /plans/d3b58b68-f88c-4f6f-b115-aaf7810fef61/main/current_plan

2025/06/02 09:19:49.092290 plans_changes.go:20: Received request for CurrentPlanHandler
2025/06/02 09:19:49.092303 auth_helpers.go:442: authenticating request
2025/06/02 09:19:49.095558 auth_helpers.go:589: UserId: 7de205bd-e851-4579-8940-4f2cbb3b21ee, Email: local-admin@plandex.ai, OrgId: 6aaef103-b1ab-4c8c-8042-c121f40001ba
2025/06/02 09:19:49.095636 plans_changes.go:32: planId:  d3b58b68-f88c-4f6f-b115-aaf7810fef61 branch:  main sha:  
2025/06/02 09:19:49.095648 auth_helpers.go:648: authorizing plan
2025/06/02 09:19:49.197337 plans_changes.go:46: locking with scope: r
2025/06/02 09:19:49.197493 queue.go:317: [Queue] ExecRepoOperation called for plan d3b58b68-f88c-4f6f-b115-aaf7810fef61, branch main, scope r, reason get current plan state
2025/06/02 09:19:49.202568 locks.go:166: [Lock][284] got lockable plan id for d3b58b68-f88c-4f6f-b115-aaf7810fef61 | reason: get current plan state
2025/06/02 09:19:49.203577 locks.go:227: [Lock][284] 0 locks found, 0 expired | reason: get current plan state
2025/06/02 09:19:49.228462 locks.go:383: Lock acquired: dda0c34e-55cd-4642-99a6-847ae1b900bf for plan d3b58b68-f88c-4f6f-b115-aaf7810fef61 with scope r | reason: get current plan state
2025/06/02 09:19:49.228613 git.go:603: [Git] gitRemoveIndexLockFileIfExists - repoDir: /tmp/plandex_server_data/orgs/6aaef103-b1ab-4c8c-8042-c121f40001ba/plans/d3b58b68-f88c-4f6f-b115-aaf7810fef61
2025/06/02 09:19:49.228684 locks.go:401: [Lock][Heartbeat] Will update heartbeat for d3b58b68-f88c-4f6f-b115-aaf7810fef61 | get current plan state | Heartbeat interval: 3s, jitter: 221.381779ms
2025/06/02 09:19:49.228758 git.go:427: [Git] gitCheckoutBranch - repoDir: /tmp/plandex_server_data/orgs/6aaef103-b1ab-4c8c-8042-c121f40001ba/plans/d3b58b68-f88c-4f6f-b115-aaf7810fef61, branch: main
2025/06/02 09:19:49.228778 git.go:603: [Git] gitRemoveIndexLockFileIfExists - repoDir: /tmp/plandex_server_data/orgs/6aaef103-b1ab-4c8c-8042-c121f40001ba/plans/d3b58b68-f88c-4f6f-b115-aaf7810fef61
2025/06/02 09:19:49.231097 git.go:443: [Git] gitCheckoutBranch - currentBranch: main
2025/06/02 09:19:49.231181 git.go:446: [Git] gitCheckoutBranch - already on branch main, skipping
2025/06/02 09:19:49.231196 locks.go:464: [Lock] d3b58b68-f88c-4f6f-b115-aaf7810fef61 | get current plan state | Checked out branch
2025/06/02 09:19:49.231217 queue.go:190: [Queue] Acquired DB lock dda0c34e-55cd-4642-99a6-847ae1b900bf
2025/06/02 09:19:49.234708 result_helpers.go:173: Got contexts: 1
2025/06/02 09:19:49.235909 queue.go:193: [Queue] Releasing DB lock dda0c34e-55cd-4642-99a6-847ae1b900bf for plan d3b58b68-f88c-4f6f-b115-aaf7810fef61
2025/06/02 09:19:49.238233 locks.go:501: [Lock][Delete][284] Lock released: dda0c34e-55cd-4642-99a6-847ae1b900bf for plan d3b58b68-f88c-4f6f-b115-aaf7810fef61 | get current plan state
2025/06/02 09:19:49.238365 queue.go:198: [Queue] DB lock dda0c34e-55cd-4642-99a6-847ae1b900bf released successfully
2025/06/02 09:19:49.241295 plans_changes.go:101: Successfully retrieved current plan state
2025/06/02 09:19:49.241857 setup.go:59: 

Completed: GET /plans/d3b58b68-f88c-4f6f-b115-aaf7810fef61/main/current_plan in 149.67017ms

2025/06/02 09:19:49.241938 locks.go:388: [Lock][Heartbeat] Timeout or context canceled during heartbeat loop for lock dda0c34e-55cd-4642-99a6-847ae1b900bf for plan d3b58b68-f88c-4f6f-b115-aaf7810fef61 | reason: get current plan state
2025/06/02 09:19:49.246319 setup.go:57: 

Request: PUT /plans/d3b58b68-f88c-4f6f-b115-aaf7810fef61/main/context

2025/06/02 09:19:49.246470 plans_context.go:215: Received request for UpdateContextHandler
2025/06/02 09:19:49.246515 auth_helpers.go:442: authenticating request
2025/06/02 09:19:49.251494 auth_helpers.go:589: UserId: 7de205bd-e851-4579-8940-4f2cbb3b21ee, Email: local-admin@plandex.ai, OrgId: 6aaef103-b1ab-4c8c-8042-c121f40001ba
2025/06/02 09:19:49.251545 plans_context.go:225: planId:  d3b58b68-f88c-4f6f-b115-aaf7810fef61
2025/06/02 09:19:49.251557 auth_helpers.go:648: authorizing plan
2025/06/02 09:19:49.253607 queue.go:317: [Queue] ExecRepoOperation called for plan d3b58b68-f88c-4f6f-b115-aaf7810fef61, branch main, scope w, reason update contexts
2025/06/02 09:19:49.255991 locks.go:166: [Lock][319] got lockable plan id for d3b58b68-f88c-4f6f-b115-aaf7810fef61 | reason: update contexts
2025/06/02 09:19:49.256982 locks.go:227: [Lock][319] 0 locks found, 0 expired | reason: update contexts
2025/06/02 09:19:49.259235 locks.go:383: Lock acquired: 26794758-4d91-4f68-b679-8e24bc9003c9 for plan d3b58b68-f88c-4f6f-b115-aaf7810fef61 with scope w | reason: update contexts
2025/06/02 09:19:49.259301 git.go:603: [Git] gitRemoveIndexLockFileIfExists - repoDir: /tmp/plandex_server_data/orgs/6aaef103-b1ab-4c8c-8042-c121f40001ba/plans/d3b58b68-f88c-4f6f-b115-aaf7810fef61
2025/06/02 09:19:49.259399 locks.go:401: [Lock][Heartbeat] Will update heartbeat for d3b58b68-f88c-4f6f-b115-aaf7810fef61 | update contexts | Heartbeat interval: 3s, jitter: 251.011578ms
2025/06/02 09:19:49.259424 git.go:427: [Git] gitCheckoutBranch - repoDir: /tmp/plandex_server_data/orgs/6aaef103-b1ab-4c8c-8042-c121f40001ba/plans/d3b58b68-f88c-4f6f-b115-aaf7810fef61, branch: main
2025/06/02 09:19:49.259432 git.go:603: [Git] gitRemoveIndexLockFileIfExists - repoDir: /tmp/plandex_server_data/orgs/6aaef103-b1ab-4c8c-8042-c121f40001ba/plans/d3b58b68-f88c-4f6f-b115-aaf7810fef61
2025/06/02 09:19:49.261065 git.go:443: [Git] gitCheckoutBranch - currentBranch: main
2025/06/02 09:19:49.261122 git.go:446: [Git] gitCheckoutBranch - already on branch main, skipping
2025/06/02 09:19:49.261133 locks.go:464: [Lock] d3b58b68-f88c-4f6f-b115-aaf7810fef61 | update contexts | Checked out branch
2025/06/02 09:19:49.261154 queue.go:190: [Queue] Acquired DB lock 26794758-4d91-4f68-b679-8e24bc9003c9
2025/06/02 09:19:49.262759 settings_helpers.go:53: GetPlanSettings - settings found in file
2025/06/02 09:19:49.270617 result_helpers.go:173: Got contexts: 1
2025/06/02 09:19:49.368275 context_helpers_store.go:89: StoreContext - context.MapParts length 455
2025/06/02 09:19:49.368448 context_helpers_store.go:104: StoreContext - mapCachePath /tmp/plandex_server_data/orgs/6aaef103-b1ab-4c8c-8042-c121f40001ba/projects/937532f3-b441-4fca-a384-61b11b163b48/map_cache/5058f1af8388633f609cadb75a75dc9d.json
2025/06/02 09:19:49.376708 git.go:66: [Git] GitAddAndCommit - orgId: 6aaef103-b1ab-4c8c-8042-c121f40001ba, planId: d3b58b68-f88c-4f6f-b115-aaf7810fef61, branch: main, message: Updated 1 map in context | added → 1967 🪙 | total → 41279 🪙

+---------+------+-------+
|  NAME   | TYPE |  🪙   |
+---------+------+-------+
| [92;1m 🗺️  cwd[0m | [92mmap[0m  | [92m+1967[0m |
+---------+------+-------+
2025/06/02 09:19:49.376785 git.go:647: [Git] gitWriteOperation - label: GitAddAndCommit > gitAdd: plan=d3b58b68-f88c-4f6f-b115-aaf7810fef61 branch=main
2025/06/02 09:19:49.376795 git.go:603: [Git] gitRemoveIndexLockFileIfExists - repoDir: /tmp/plandex_server_data/orgs/6aaef103-b1ab-4c8c-8042-c121f40001ba/plans/d3b58b68-f88c-4f6f-b115-aaf7810fef61
2025/06/02 09:19:49.393959 git.go:647: [Git] gitWriteOperation - label: GitAddAndCommit > gitCommit: plan=d3b58b68-f88c-4f6f-b115-aaf7810fef61 branch=main
2025/06/02 09:19:49.394010 git.go:603: [Git] gitRemoveIndexLockFileIfExists - repoDir: /tmp/plandex_server_data/orgs/6aaef103-b1ab-4c8c-8042-c121f40001ba/plans/d3b58b68-f88c-4f6f-b115-aaf7810fef61
2025/06/02 09:19:49.412575 queue.go:193: [Queue] Releasing DB lock 26794758-4d91-4f68-b679-8e24bc9003c9 for plan d3b58b68-f88c-4f6f-b115-aaf7810fef61
2025/06/02 09:19:49.412651 plans_context.go:315: Successfully processed UpdateContextHandler request
2025/06/02 09:19:49.412740 setup.go:59: 

Completed: PUT /plans/d3b58b68-f88c-4f6f-b115-aaf7810fef61/main/context in 166.421221ms

2025/06/02 09:19:49.412822 locks.go:388: [Lock][Heartbeat] Timeout or context canceled during heartbeat loop for lock 26794758-4d91-4f68-b679-8e24bc9003c9 for plan d3b58b68-f88c-4f6f-b115-aaf7810fef61 | reason: update contexts
2025/06/02 09:19:49.413888 locks.go:501: [Lock][Delete][319] Lock released: 26794758-4d91-4f68-b679-8e24bc9003c9 for plan d3b58b68-f88c-4f6f-b115-aaf7810fef61 | update contexts
2025/06/02 09:19:49.413939 queue.go:198: [Queue] DB lock 26794758-4d91-4f68-b679-8e24bc9003c9 released successfully
2025/06/02 09:19:49.792113 setup.go:57: 

Request: POST /plans/d3b58b68-f88c-4f6f-b115-aaf7810fef61/main/tell

2025/06/02 09:19:49.792322 plans_exec.go:24: Received request for TellPlanHandler ip: localhost
2025/06/02 09:19:49.792368 auth_helpers.go:442: authenticating request
2025/06/02 09:19:49.800486 auth_helpers.go:589: UserId: 7de205bd-e851-4579-8940-4f2cbb3b21ee, Email: local-admin@plandex.ai, OrgId: 6aaef103-b1ab-4c8c-8042-c121f40001ba
2025/06/02 09:19:49.800580 plans_exec.go:35: planId:  d3b58b68-f88c-4f6f-b115-aaf7810fef61
2025/06/02 09:19:49.800610 auth_helpers.go:648: authorizing plan
2025/06/02 09:19:49.803316 settings_helpers.go:53: GetPlanSettings - settings found in file
2025/06/02 09:19:49.803680 tell_exec.go:45: Tell: Called with plan ID d3b58b68-f88c-4f6f-b115-aaf7810fef61 on branch main (TraceID: 5ba18e5ea4435db3322878479b62192c)
2025/06/02 09:19:49.803827 activate.go:25: Activate plan: plan ID d3b58b68-f88c-4f6f-b115-aaf7810fef61 on branch main
2025/06/02 09:19:49.803893 activate.go:28: Waiting 100ms before checking for active plan
2025/06/02 09:19:49.904686 activate.go:30: Done waiting, checking for active plan
2025/06/02 09:19:49.914207 activate.go:79: Tell: Model stream stored with ID 5055e6e6-11d3-4ebc-8106-d3d260ef9e26 for plan ID d3b58b68-f88c-4f6f-b115-aaf7810fef61 on branch main
2025/06/02 09:19:49.914300 activate.go:80: Model stream id: 5055e6e6-11d3-4ebc-8106-d3d260ef9e26
2025/06/02 09:19:49.914319 tell_exec.go:76: Tell: Tell operation completed successfully for plan ID d3b58b68-f88c-4f6f-b115-aaf7810fef61 on branch main (TraceID: 5ba18e5ea4435db3322878479b62192c)
2025/06/02 09:19:49.914352 stream_helper.go:20: Response stream manager: starting plan stream
2025/06/02 09:19:49.914639 stream_helper.go:45: Response stream manager: sending initial message
2025/06/02 09:19:49.914798 state.go:140: Subscribing to plan d3b58b68-f88c-4f6f-b115-aaf7810fef61
2025/06/02 09:19:49.914640 tell_exec.go:107: [TellExec] Starting iteration 0 for plan d3b58b68-f88c-4f6f-b115-aaf7810fef61 on branch main (TraceID: 5ba18e5ea4435db3322878479b62192c)
2025/06/02 09:19:49.914851 tell_exec.go:127: [TellExec] Starting iteration 0 for plan d3b58b68-f88c-4f6f-b115-aaf7810fef61 on branch main
2025/06/02 09:19:49.914888 tell_exec.go:154: Executing WillExecPlanHook
2025/06/02 09:19:49.914897 tell_exec.go:168: execTellPlan - Setting plan status to replying
2025/06/02 09:19:49.920398 tell_exec.go:183: execTellPlan - Plan status set to replying
2025/06/02 09:19:49.920542 tell_exec.go:198: execTellPlan - Loading tell plan
2025/06/02 09:19:49.920567 tell_load.go:50: [TellLoad] Tell plan - loadTellPlan - iteration: 0, missingFileResponse: , req.IsUserContinue: false, lockScope: w
2025/06/02 09:19:49.920619 queue.go:317: [Queue] ExecRepoOperation called for plan d3b58b68-f88c-4f6f-b115-aaf7810fef61, branch main, scope w, reason load tell plan
2025/06/02 09:19:49.925433 locks.go:166: [Lock][368] got lockable plan id for d3b58b68-f88c-4f6f-b115-aaf7810fef61 | reason: load tell plan
2025/06/02 09:19:49.926718 locks.go:227: [Lock][368] 0 locks found, 0 expired | reason: load tell plan
2025/06/02 09:19:49.929950 locks.go:383: Lock acquired: d119e144-7d11-499b-85ad-10c3221933d4 for plan d3b58b68-f88c-4f6f-b115-aaf7810fef61 with scope w | reason: load tell plan
2025/06/02 09:19:49.930067 git.go:603: [Git] gitRemoveIndexLockFileIfExists - repoDir: /tmp/plandex_server_data/orgs/6aaef103-b1ab-4c8c-8042-c121f40001ba/plans/d3b58b68-f88c-4f6f-b115-aaf7810fef61
2025/06/02 09:19:49.930126 locks.go:401: [Lock][Heartbeat] Will update heartbeat for d3b58b68-f88c-4f6f-b115-aaf7810fef61 | load tell plan | Heartbeat interval: 3s, jitter: 51.884333ms
2025/06/02 09:19:49.930212 git.go:427: [Git] gitCheckoutBranch - repoDir: /tmp/plandex_server_data/orgs/6aaef103-b1ab-4c8c-8042-c121f40001ba/plans/d3b58b68-f88c-4f6f-b115-aaf7810fef61, branch: main
2025/06/02 09:19:49.930233 git.go:603: [Git] gitRemoveIndexLockFileIfExists - repoDir: /tmp/plandex_server_data/orgs/6aaef103-b1ab-4c8c-8042-c121f40001ba/plans/d3b58b68-f88c-4f6f-b115-aaf7810fef61
2025/06/02 09:19:49.932663 git.go:443: [Git] gitCheckoutBranch - currentBranch: main
2025/06/02 09:19:49.932743 git.go:446: [Git] gitCheckoutBranch - already on branch main, skipping
2025/06/02 09:19:49.932756 locks.go:464: [Lock] d3b58b68-f88c-4f6f-b115-aaf7810fef61 | load tell plan | Checked out branch
2025/06/02 09:19:49.932777 queue.go:190: [Queue] Acquired DB lock d119e144-7d11-499b-85ad-10c3221933d4
2025/06/02 09:19:49.932996 settings_helpers.go:53: GetPlanSettings - settings found in file
2025/06/02 09:19:49.932997 tell_load.go:203: getting plan summaries
2025/06/02 09:19:49.933233 tell_load.go:204: convoMessageIds: []
2025/06/02 09:19:49.933011 tell_load.go:160: [TellLoad] storing user message | len(convo): 0 | num: 1
2025/06/02 09:19:49.933337 tell_load.go:177: [TellLoad] storing user message
2025/06/02 09:19:49.933636 model_request.go:82: Model config - role: names, model: gemini-2.5-pro-preview-05-06, max output tokens: 8192
2025/06/02 09:19:49.934062 client_stream.go:267: withStreamingRetries - will run operation
2025/06/02 09:19:49.934396 client_stream.go:105: processChatCompletionStream - modelConfig (map[string]interface {}) (len=2) {
 (string) (len=8) "provider": (shared.ModelProvider) (len=6) "custom",
 (string) (len=5) "model": (shared.ModelName) (len=28) "gemini-2.5-pro-preview-05-06"
}

2025/06/02 09:19:49.934484 client.go:195: LLM API call starting - Model: gemini-2.5-pro-preview-05-06, Provider: custom (TraceID: 9fc769376907b23dd26160398c8e67b7)
2025/06/02 09:19:49.934761 tell_load.go:130: [TellLoad] Tell plan - loadTellPlan - modelContext: 0
2025/06/02 09:19:49.936039 tell_load.go:214: got 0 plan summaries
2025/06/02 09:19:49.936009 convo_helpers.go:163: StoreConvoMessage - message.Flags.CurrentStage.TellStage: 
2025/06/02 09:19:49.936155 convo_helpers.go:164: StoreConvoMessage - message.Subtask: <nil>
2025/06/02 09:19:49.936187 convo_helpers.go:188: [Git] StoreConvoMessage - committing convo message: Message #1 | 💬 User prompt | 1 🪙, branch: main
2025/06/02 09:19:49.936196 git.go:66: [Git] GitAddAndCommit - orgId: 6aaef103-b1ab-4c8c-8042-c121f40001ba, planId: d3b58b68-f88c-4f6f-b115-aaf7810fef61, branch: main, message: Message #1 | 💬 User prompt | 1 🪙
2025/06/02 09:19:49.936206 git.go:647: [Git] gitWriteOperation - label: GitAddAndCommit > gitAdd: plan=d3b58b68-f88c-4f6f-b115-aaf7810fef61 branch=main
2025/06/02 09:19:49.936213 git.go:603: [Git] gitRemoveIndexLockFileIfExists - repoDir: /tmp/plandex_server_data/orgs/6aaef103-b1ab-4c8c-8042-c121f40001ba/plans/d3b58b68-f88c-4f6f-b115-aaf7810fef61
2025/06/02 09:19:49.942159 git.go:647: [Git] gitWriteOperation - label: GitAddAndCommit > gitCommit: plan=d3b58b68-f88c-4f6f-b115-aaf7810fef61 branch=main
2025/06/02 09:19:49.942217 git.go:603: [Git] gitRemoveIndexLockFileIfExists - repoDir: /tmp/plandex_server_data/orgs/6aaef103-b1ab-4c8c-8042-c121f40001ba/plans/d3b58b68-f88c-4f6f-b115-aaf7810fef61
2025/06/02 09:19:49.942846 client_stream.go:274: withStreamingRetries - operation returned error: error creating chat completion stream: status code: 400, body: {"detail":"[awsbvug] 无效请求: [awsbvug] 无效请求: 未找到用户或助手消息。"}
2025/06/02 09:19:49.942903 client_stream.go:287: Error in streaming operation: error creating chat completion stream: status code: 400, body: {"detail":"[awsbvug] 无效请求: [awsbvug] 无效请求: 未找到用户或助手消息。"}, isFallback: false, numTotalRetry: 0, numFallbackRetry: 0, numRetry: 0, compareRetries: 0, maxRetries: 2
2025/06/02 09:19:49.942914 model_error.go:39: Classifying error message: error creating chat completion stream: status code: 400, body: {"detail":"[awsbvug] 无效请求: [awsbvug] 无效请求: 未找到用户或助手消息。"}
2025/06/02 09:19:49.942929 model_error.go:85: No error classification based on message
2025/06/02 09:19:49.942940 client_stream.go:332: withStreamingRetries - retrying stream in 1.014s seconds
2025/06/02 09:19:50.957596 client_stream.go:267: withStreamingRetries - will run operation
2025/06/02 09:19:50.957699 client_stream.go:105: processChatCompletionStream - modelConfig (map[string]interface {}) (len=2) {
 (string) (len=5) "model": (shared.ModelName) (len=28) "gemini-2.5-pro-preview-05-06",
 (string) (len=8) "provider": (shared.ModelProvider) (len=6) "custom"
}

2025/06/02 09:19:50.957739 client.go:195: LLM API call starting - Model: gemini-2.5-pro-preview-05-06, Provider: custom (TraceID: 0005b5eaaf3719370a83cfad3ccd99b4)
2025/06/02 09:19:50.961151 client_stream.go:274: withStreamingRetries - operation returned error: error creating chat completion stream: status code: 400, body: {"detail":"[ehd5pvn] 无效请求: [ehd5pvn] 无效请求: 未找到用户或助手消息。"}
2025/06/02 09:19:50.961210 client_stream.go:287: Error in streaming operation: error creating chat completion stream: status code: 400, body: {"detail":"[ehd5pvn] 无效请求: [ehd5pvn] 无效请求: 未找到用户或助手消息。"}, isFallback: false, numTotalRetry: 1, numFallbackRetry: 0, numRetry: 1, compareRetries: 1, maxRetries: 2
2025/06/02 09:19:50.961221 model_error.go:39: Classifying error message: error creating chat completion stream: status code: 400, body: {"detail":"[ehd5pvn] 无效请求: [ehd5pvn] 无效请求: 未找到用户或助手消息。"}
2025/06/02 09:19:50.961246 model_error.go:85: No error classification based on message
2025/06/02 09:19:50.961259 client_stream.go:332: withStreamingRetries - retrying stream in 1.085s seconds
2025/06/02 09:19:52.047076 client_stream.go:267: withStreamingRetries - will run operation
2025/06/02 09:19:52.047205 client_stream.go:105: processChatCompletionStream - modelConfig (map[string]interface {}) (len=2) {
 (string) (len=5) "model": (shared.ModelName) (len=28) "gemini-2.5-pro-preview-05-06",
 (string) (len=8) "provider": (shared.ModelProvider) (len=6) "custom"
}

2025/06/02 09:19:52.047239 client.go:195: LLM API call starting - Model: gemini-2.5-pro-preview-05-06, Provider: custom (TraceID: 1637f7ae8bfb582081a79d7b93f2ddfb)
2025/06/02 09:19:52.051323 client_stream.go:274: withStreamingRetries - operation returned error: error creating chat completion stream: status code: 400, body: {"detail":"[so0zoi9] 无效请求: [so0zoi9] 无效请求: 未找到用户或助手消息。"}
2025/06/02 09:19:52.051369 client_stream.go:287: Error in streaming operation: error creating chat completion stream: status code: 400, body: {"detail":"[so0zoi9] 无效请求: [so0zoi9] 无效请求: 未找到用户或助手消息。"}, isFallback: false, numTotalRetry: 2, numFallbackRetry: 0, numRetry: 2, compareRetries: 2, maxRetries: 2
2025/06/02 09:19:52.051379 model_error.go:39: Classifying error message: error creating chat completion stream: status code: 400, body: {"detail":"[so0zoi9] 无效请求: [so0zoi9] 无效请求: 未找到用户或助手消息。"}
2025/06/02 09:19:52.051393 model_error.go:85: No error classification based on message
2025/06/02 09:19:52.051405 client_stream.go:319: withStreamingRetries - compareRetries >= maxRetries - returning error
Error during plan name model call: error creating chat completion stream: status code: 400, body: {"detail":"[so0zoi9] 无效请求: [so0zoi9] 无效请求: 未找到用户或助手消息。"}
2025/06/02 09:19:52.051417 tell_load.go:86: Error generating plan name: error creating chat completion stream: status code: 400, body: {"detail":"[so0zoi9] 无效请求: [so0zoi9] 无效请求: 未找到用户或助手消息。"}
2025/06/02 09:19:52.051495 queue.go:193: [Queue] Releasing DB lock d119e144-7d11-499b-85ad-10c3221933d4 for plan d3b58b68-f88c-4f6f-b115-aaf7810fef61
2025/06/02 09:19:52.051685 tell_load.go:279: execTellPlan: error loading tell plan: error generating plan name: error creating chat completion stream: status code: 400, body: {"detail":"[so0zoi9] 无效请求: [so0zoi9] 无效请求: 未找到用户或助手消息。"}
2025/06/02 09:19:52.051683 state.go:44: case apiErr := <-activePlan.StreamDoneCh: d3b58b68-f88c-4f6f-b115-aaf7810fef61
2025/06/02 09:19:52.052049 state.go:45: apiErr: 500 Error: Error loading plan: error generating plan name: error creating chat completion stream: status code: 400, body: {"detail":"[so0zoi9] 无效请求: [so0zoi9] 无效请求: 未找到用户或助手消息。"}
2025/06/02 09:19:52.052099 state.go:61: Error streaming plan d3b58b68-f88c-4f6f-b115-aaf7810fef61: 500 Error: Error loading plan: error generating plan name: error creating chat completion stream: status code: 400, body: {"detail":"[so0zoi9] 无效请求: [so0zoi9] 无效请求: 未找到用户或助手消息。"}
2025/06/02 09:19:52.052592 locks.go:501: [Lock][Delete][368] Lock released: d119e144-7d11-499b-85ad-10c3221933d4 for plan d3b58b68-f88c-4f6f-b115-aaf7810fef61 | load tell plan
2025/06/02 09:19:52.052633 queue.go:198: [Queue] DB lock d119e144-7d11-499b-85ad-10c3221933d4 released successfully
2025/06/02 09:19:52.054865 state.go:68: Sending error message to client
2025/06/02 09:19:52.054930 active_plan.go:198: ActivePlan.Stream: skipping buffer for special message
2025/06/02 09:19:52.055265 active_plan.go:199: (shared.StreamMessage) {
 Type: (shared.StreamMessageType) (len=5) "error",
 ReplyChunk: (string) "",
 BuildInfo: (*shared.BuildInfo)(<nil>),
 Description: (*shared.ConvoMessageDescription)(<nil>),
 Error: (*shared.ApiError)(0xc000d18580)(500 Error: Error loading plan: error generating plan name: error creating chat completion stream: status code: 400, body: {"detail":"[so0zoi9] 无效请求: [so0zoi9] 无效请求: 未找到用户或助手消息。"}),
 MissingFilePath: (string) "",
 MissingFileAutoContext: (bool) false,
 ModelStreamId: (string) "",
 LoadContextFiles: ([]string) <nil>,
 InitPrompt: (string) "",
 InitReplies: ([]string) <nil>,
 InitBuildOnly: (bool) false,
 StreamMessages: ([]shared.StreamMessage) <nil>
}

2025/06/02 09:19:52.055320 state.go:75: Stopping any active summary stream
2025/06/02 09:19:52.055332 state.go:78: Waiting 100ms after streaming error before canceling active plan
2025/06/02 09:19:52.055674 stream_helper.go:94: Response stream manager: request context done
2025/06/02 09:19:52.055719 stream_helper.go:64: Response stream manager: client stream closed
2025/06/02 09:19:52.055732 state.go:157: UnsubscribePlan d3b58b68-f88c-4f6f-b115-aaf7810fef61 - main - 7d543149-8c9d-42fa-abb6-6ca8fdd1fe75
2025/06/02 09:19:52.055746 state.go:168: Unsubscribed from plan d3b58b68-f88c-4f6f-b115-aaf7810fef61 - main - 7d543149-8c9d-42fa-abb6-6ca8fdd1fe75
2025/06/02 09:19:52.055752 plans_exec.go:97: Successfully processed request for TellPlanHandler
2025/06/02 09:19:52.055759 plans_exec.go:50: Closing request body
2025/06/02 09:19:52.055793 setup.go:59: 

Completed: POST /plans/d3b58b68-f88c-4f6f-b115-aaf7810fef61/main/tell in 2.263680448s

2025/06/02 09:19:52.156169 state.go:83: Cancelling active plan
2025/06/02 09:19:52.156274 state.go:96: Deleting active plan d3b58b68-f88c-4f6f-b115-aaf7810fef61 - main - 6aaef103-b1ab-4c8c-8042-c121f40001ba
2025/06/02 09:19:52.156291 state.go:107: Clearing uncommitted changes for plan d3b58b68-f88c-4f6f-b115-aaf7810fef61 - main - 6aaef103-b1ab-4c8c-8042-c121f40001ba
2025/06/02 09:19:52.156302 queue.go:317: [Queue] ExecRepoOperation called for plan d3b58b68-f88c-4f6f-b115-aaf7810fef61, branch main, scope w, reason delete active plan
2025/06/02 09:19:52.156362 locks.go:388: [Lock][Heartbeat] Timeout or context canceled during heartbeat loop for lock d119e144-7d11-499b-85ad-10c3221933d4 for plan d3b58b68-f88c-4f6f-b115-aaf7810fef61 | reason: load tell plan
2025/06/02 09:19:52.156320 active_plan.go:136: ActivePlan stream manager returned
2025/06/02 09:19:52.162530 locks.go:166: [Lock][382] got lockable plan id for d3b58b68-f88c-4f6f-b115-aaf7810fef61 | reason: delete active plan
2025/06/02 09:19:52.163210 locks.go:227: [Lock][382] 0 locks found, 0 expired | reason: delete active plan
2025/06/02 09:19:52.165137 locks.go:383: Lock acquired: 106a0662-821d-47fe-baa8-e30f09e877b6 for plan d3b58b68-f88c-4f6f-b115-aaf7810fef61 with scope w | reason: delete active plan
2025/06/02 09:19:52.165217 git.go:603: [Git] gitRemoveIndexLockFileIfExists - repoDir: /tmp/plandex_server_data/orgs/6aaef103-b1ab-4c8c-8042-c121f40001ba/plans/d3b58b68-f88c-4f6f-b115-aaf7810fef61
2025/06/02 09:19:52.165262 locks.go:401: [Lock][Heartbeat] Will update heartbeat for d3b58b68-f88c-4f6f-b115-aaf7810fef61 | delete active plan | Heartbeat interval: 3s, jitter: 184.048908ms
2025/06/02 09:19:52.165296 git.go:427: [Git] gitCheckoutBranch - repoDir: /tmp/plandex_server_data/orgs/6aaef103-b1ab-4c8c-8042-c121f40001ba/plans/d3b58b68-f88c-4f6f-b115-aaf7810fef61, branch: main
2025/06/02 09:19:52.165303 git.go:603: [Git] gitRemoveIndexLockFileIfExists - repoDir: /tmp/plandex_server_data/orgs/6aaef103-b1ab-4c8c-8042-c121f40001ba/plans/d3b58b68-f88c-4f6f-b115-aaf7810fef61
2025/06/02 09:19:52.166793 git.go:443: [Git] gitCheckoutBranch - currentBranch: main
2025/06/02 09:19:52.166824 git.go:446: [Git] gitCheckoutBranch - already on branch main, skipping
2025/06/02 09:19:52.166831 locks.go:464: [Lock] d3b58b68-f88c-4f6f-b115-aaf7810fef61 | delete active plan | Checked out branch
2025/06/02 09:19:52.166842 queue.go:190: [Queue] Acquired DB lock 106a0662-821d-47fe-baa8-e30f09e877b6
2025/06/02 09:19:52.166863 state.go:119: Starting clear uncommitted changes for plan d3b58b68-f88c-4f6f-b115-aaf7810fef61 - main - 6aaef103-b1ab-4c8c-8042-c121f40001ba
2025/06/02 09:19:52.166886 git.go:335: [Git] GitClearUncommittedChanges - orgId: 6aaef103-b1ab-4c8c-8042-c121f40001ba, planId: d3b58b68-f88c-4f6f-b115-aaf7810fef61, branch: main
2025/06/02 09:19:52.169675 git.go:647: [Git] gitWriteOperation - label: GitClearUncommittedChanges > gitReset: plan=d3b58b68-f88c-4f6f-b115-aaf7810fef61
2025/06/02 09:19:52.169738 git.go:356: [Git] GitClearUncommittedChanges - resetting staged changes for plan d3b58b68-f88c-4f6f-b115-aaf7810fef61
2025/06/02 09:19:52.177171 git.go:361: [Git] GitClearUncommittedChanges - reset staged changes finished for plan d3b58b68-f88c-4f6f-b115-aaf7810fef61
2025/06/02 09:19:52.177221 git.go:647: [Git] gitWriteOperation - label: GitClearUncommittedChanges > gitClean: plan=d3b58b68-f88c-4f6f-b115-aaf7810fef61
2025/06/02 09:19:52.177229 git.go:371: [Git] GitClearUncommittedChanges - cleaning untracked files for plan d3b58b68-f88c-4f6f-b115-aaf7810fef61
2025/06/02 09:19:52.179706 git.go:376: [Git] GitClearUncommittedChanges - clean untracked files finished for plan d3b58b68-f88c-4f6f-b115-aaf7810fef61
2025/06/02 09:19:52.179756 state.go:121: Finished clear uncommitted changes for plan d3b58b68-f88c-4f6f-b115-aaf7810fef61 - main - 6aaef103-b1ab-4c8c-8042-c121f40001ba
2025/06/02 09:19:52.179768 state.go:122: Error: <nil>
2025/06/02 09:19:52.179799 queue.go:193: [Queue] Releasing DB lock 106a0662-821d-47fe-baa8-e30f09e877b6 for plan d3b58b68-f88c-4f6f-b115-aaf7810fef61
2025/06/02 09:19:52.179829 state.go:132: Deleted active plan d3b58b68-f88c-4f6f-b115-aaf7810fef61 - main - 6aaef103-b1ab-4c8c-8042-c121f40001ba
2025/06/02 09:19:52.179857 locks.go:388: [Lock][Heartbeat] Timeout or context canceled during heartbeat loop for lock 106a0662-821d-47fe-baa8-e30f09e877b6 for plan d3b58b68-f88c-4f6f-b115-aaf7810fef61 | reason: delete active plan
2025/06/02 09:19:52.180947 locks.go:501: [Lock][Delete][382] Lock released: 106a0662-821d-47fe-baa8-e30f09e877b6 for plan d3b58b68-f88c-4f6f-b115-aaf7810fef61 | delete active plan
2025/06/02 09:19:52.180980 queue.go:198: [Queue] DB lock 106a0662-821d-47fe-baa8-e30f09e877b6 released successfully
2025/06/02 09:19:52.963015 stream_helpers.go:76: Setting model stream finished: 5055e6e6-11d3-4ebc-8106-d3d260ef9e26
2025/06/02 09:19:53.006133 stream_helpers.go:84: Set model stream finished successfully: 5055e6e6-11d3-4ebc-8106-d3d260ef9e26
2025/06/02 09:19:53.112335 handler.go:31: traces export: parse "https://https:%2F%2Flogfire-api.pydantic.dev/v1/traces": invalid port ":%2F%2Flogfire-api.pydantic.dev" after host
2025/06/02 09:25:22.060615 setup.go:57: 

Request: POST /custom_models

2025/06/02 09:25:22.060983 models.go:16: Received request for CreateCustomModelHandler
2025/06/02 09:25:22.061024 auth_helpers.go:442: authenticating request
2025/06/02 09:25:22.065480 auth_helpers.go:589: UserId: 7de205bd-e851-4579-8940-4f2cbb3b21ee, Email: local-admin@plandex.ai, OrgId: 6aaef103-b1ab-4c8c-8042-c121f40001ba
2025/06/02 09:25:22.109520 models.go:63: Successfully created custom model
2025/06/02 09:25:22.109634 setup.go:59: 

Completed: POST /custom_models in 49.022596ms

2025/06/02 09:25:25.567149 handler.go:31: traces export: parse "https://https:%2F%2Flogfire-api.pydantic.dev/v1/traces": invalid port ":%2F%2Flogfire-api.pydantic.dev" after host
2025/06/02 09:25:31.762415 setup.go:57: 

Request: GET /custom_models

2025/06/02 09:25:31.762563 models.go:138: Received request for ListCustomModelsHandler
2025/06/02 09:25:31.762574 auth_helpers.go:442: authenticating request
2025/06/02 09:25:31.766137 auth_helpers.go:589: UserId: 7de205bd-e851-4579-8940-4f2cbb3b21ee, Email: local-admin@plandex.ai, OrgId: 6aaef103-b1ab-4c8c-8042-c121f40001ba
2025/06/02 09:25:31.766977 models.go:154: Successfully fetched custom models
2025/06/02 09:25:31.767077 setup.go:59: 

Completed: GET /custom_models in 4.662806ms

2025/06/02 09:25:35.570791 handler.go:31: traces export: parse "https://https:%2F%2Flogfire-api.pydantic.dev/v1/traces": invalid port ":%2F%2Flogfire-api.pydantic.dev" after host
2025/06/02 09:25:45.339873 setup.go:57: 

Request: POST /model_sets

2025/06/02 09:25:45.340034 models.go:199: Received request for CreateModelPackHandler
2025/06/02 09:25:45.340049 auth_helpers.go:442: authenticating request
2025/06/02 09:25:45.345082 auth_helpers.go:589: UserId: 7de205bd-e851-4579-8940-4f2cbb3b21ee, Email: local-admin@plandex.ai, OrgId: 6aaef103-b1ab-4c8c-8042-c121f40001ba
2025/06/02 09:25:45.390525 models.go:235: Successfully created model pack
2025/06/02 09:25:45.390648 setup.go:59: 

Completed: POST /model_sets in 50.775219ms

2025/06/02 09:25:49.825612 handler.go:31: traces export: parse "https://https:%2F%2Flogfire-api.pydantic.dev/v1/traces": invalid port ":%2F%2Flogfire-api.pydantic.dev" after host
2025/06/02 09:25:56.383996 setup.go:57: 

Request: GET /plans/d3b58b68-f88c-4f6f-b115-aaf7810fef61/main/settings

2025/06/02 09:25:56.384151 settings.go:19: Received request for GetSettingsHandler
2025/06/02 09:25:56.384163 auth_helpers.go:442: authenticating request
2025/06/02 09:25:56.389019 auth_helpers.go:589: UserId: 7de205bd-e851-4579-8940-4f2cbb3b21ee, Email: local-admin@plandex.ai, OrgId: 6aaef103-b1ab-4c8c-8042-c121f40001ba
2025/06/02 09:25:56.389091 settings.go:30: planId:  d3b58b68-f88c-4f6f-b115-aaf7810fef61 branch:  main
2025/06/02 09:25:56.389104 auth_helpers.go:648: authorizing plan
2025/06/02 09:25:56.391031 queue.go:317: [Queue] ExecRepoOperation called for plan d3b58b68-f88c-4f6f-b115-aaf7810fef61, branch main, scope r, reason get settings
2025/06/02 09:25:56.397218 locks.go:166: [Lock][424] got lockable plan id for d3b58b68-f88c-4f6f-b115-aaf7810fef61 | reason: get settings
2025/06/02 09:25:56.398405 locks.go:227: [Lock][424] 0 locks found, 0 expired | reason: get settings
2025/06/02 09:25:56.403165 locks.go:383: Lock acquired: 9cea05bd-ea6d-4c75-a310-f0c361877f82 for plan d3b58b68-f88c-4f6f-b115-aaf7810fef61 with scope r | reason: get settings
2025/06/02 09:25:56.403251 git.go:603: [Git] gitRemoveIndexLockFileIfExists - repoDir: /tmp/plandex_server_data/orgs/6aaef103-b1ab-4c8c-8042-c121f40001ba/plans/d3b58b68-f88c-4f6f-b115-aaf7810fef61
2025/06/02 09:25:56.403299 locks.go:401: [Lock][Heartbeat] Will update heartbeat for d3b58b68-f88c-4f6f-b115-aaf7810fef61 | get settings | Heartbeat interval: 3s, jitter: 228.446979ms
2025/06/02 09:25:56.403407 git.go:427: [Git] gitCheckoutBranch - repoDir: /tmp/plandex_server_data/orgs/6aaef103-b1ab-4c8c-8042-c121f40001ba/plans/d3b58b68-f88c-4f6f-b115-aaf7810fef61, branch: main
2025/06/02 09:25:56.403436 git.go:603: [Git] gitRemoveIndexLockFileIfExists - repoDir: /tmp/plandex_server_data/orgs/6aaef103-b1ab-4c8c-8042-c121f40001ba/plans/d3b58b68-f88c-4f6f-b115-aaf7810fef61
2025/06/02 09:25:56.405169 git.go:443: [Git] gitCheckoutBranch - currentBranch: main
2025/06/02 09:25:56.405216 git.go:446: [Git] gitCheckoutBranch - already on branch main, skipping
2025/06/02 09:25:56.405224 locks.go:464: [Lock] d3b58b68-f88c-4f6f-b115-aaf7810fef61 | get settings | Checked out branch
2025/06/02 09:25:56.405236 queue.go:190: [Queue] Acquired DB lock 9cea05bd-ea6d-4c75-a310-f0c361877f82
2025/06/02 09:25:56.405323 settings_helpers.go:53: GetPlanSettings - settings found in file
2025/06/02 09:25:56.405500 queue.go:193: [Queue] Releasing DB lock 9cea05bd-ea6d-4c75-a310-f0c361877f82 for plan d3b58b68-f88c-4f6f-b115-aaf7810fef61
2025/06/02 09:25:56.405710 settings.go:74: GetSettingsHandler processed successfully
2025/06/02 09:25:56.405878 setup.go:59: 

Completed: GET /plans/d3b58b68-f88c-4f6f-b115-aaf7810fef61/main/settings in 21.881472ms

2025/06/02 09:25:56.405951 locks.go:388: [Lock][Heartbeat] Timeout or context canceled during heartbeat loop for lock 9cea05bd-ea6d-4c75-a310-f0c361877f82 for plan d3b58b68-f88c-4f6f-b115-aaf7810fef61 | reason: get settings
2025/06/02 09:25:56.406631 locks.go:501: [Lock][Delete][424] Lock released: 9cea05bd-ea6d-4c75-a310-f0c361877f82 for plan d3b58b68-f88c-4f6f-b115-aaf7810fef61 | get settings
2025/06/02 09:25:56.406669 queue.go:198: [Queue] DB lock 9cea05bd-ea6d-4c75-a310-f0c361877f82 released successfully
2025/06/02 09:25:59.830761 handler.go:31: traces export: parse "https://https:%2F%2Flogfire-api.pydantic.dev/v1/traces": invalid port ":%2F%2Flogfire-api.pydantic.dev" after host
2025/06/02 09:26:00.208998 setup.go:57: 

Request: GET /model_sets

2025/06/02 09:26:00.209165 models.go:302: Received request for ListModelPacksHandler
2025/06/02 09:26:00.209187 auth_helpers.go:442: authenticating request
2025/06/02 09:26:00.216525 auth_helpers.go:589: UserId: 7de205bd-e851-4579-8940-4f2cbb3b21ee, Email: local-admin@plandex.ai, OrgId: 6aaef103-b1ab-4c8c-8042-c121f40001ba
2025/06/02 09:26:00.220579 models.go:324: Successfully fetched model packs
2025/06/02 09:26:00.220700 setup.go:59: 

Completed: GET /model_sets in 11.702013ms

2025/06/02 09:26:01.963488 setup.go:57: 

Request: PUT /plans/d3b58b68-f88c-4f6f-b115-aaf7810fef61/main/settings

2025/06/02 09:26:01.963699 settings.go:80: Received request for UpdateSettingsHandler
2025/06/02 09:26:01.963716 auth_helpers.go:442: authenticating request
2025/06/02 09:26:01.968612 auth_helpers.go:589: UserId: 7de205bd-e851-4579-8940-4f2cbb3b21ee, Email: local-admin@plandex.ai, OrgId: 6aaef103-b1ab-4c8c-8042-c121f40001ba
2025/06/02 09:26:01.968667 settings.go:91: planId:  d3b58b68-f88c-4f6f-b115-aaf7810fef61 branch:  main
2025/06/02 09:26:01.968677 auth_helpers.go:648: authorizing plan
2025/06/02 09:26:01.971072 queue.go:317: [Queue] ExecRepoOperation called for plan d3b58b68-f88c-4f6f-b115-aaf7810fef61, branch main, scope w, reason update settings
2025/06/02 09:26:01.976824 locks.go:166: [Lock][433] got lockable plan id for d3b58b68-f88c-4f6f-b115-aaf7810fef61 | reason: update settings
2025/06/02 09:26:01.977966 locks.go:227: [Lock][433] 0 locks found, 0 expired | reason: update settings
2025/06/02 09:26:02.021609 locks.go:383: Lock acquired: a7f2978d-8db5-459d-af0d-7d04e4d5fe77 for plan d3b58b68-f88c-4f6f-b115-aaf7810fef61 with scope w | reason: update settings
2025/06/02 09:26:02.021714 git.go:603: [Git] gitRemoveIndexLockFileIfExists - repoDir: /tmp/plandex_server_data/orgs/6aaef103-b1ab-4c8c-8042-c121f40001ba/plans/d3b58b68-f88c-4f6f-b115-aaf7810fef61
2025/06/02 09:26:02.021773 locks.go:401: [Lock][Heartbeat] Will update heartbeat for d3b58b68-f88c-4f6f-b115-aaf7810fef61 | update settings | Heartbeat interval: 3s, jitter: 83.291241ms
2025/06/02 09:26:02.021777 git.go:427: [Git] gitCheckoutBranch - repoDir: /tmp/plandex_server_data/orgs/6aaef103-b1ab-4c8c-8042-c121f40001ba/plans/d3b58b68-f88c-4f6f-b115-aaf7810fef61, branch: main
2025/06/02 09:26:02.021802 git.go:603: [Git] gitRemoveIndexLockFileIfExists - repoDir: /tmp/plandex_server_data/orgs/6aaef103-b1ab-4c8c-8042-c121f40001ba/plans/d3b58b68-f88c-4f6f-b115-aaf7810fef61
2025/06/02 09:26:02.023640 git.go:443: [Git] gitCheckoutBranch - currentBranch: main
2025/06/02 09:26:02.023948 git.go:446: [Git] gitCheckoutBranch - already on branch main, skipping
2025/06/02 09:26:02.023994 locks.go:464: [Lock] d3b58b68-f88c-4f6f-b115-aaf7810fef61 | update settings | Checked out branch
2025/06/02 09:26:02.024058 queue.go:190: [Queue] Acquired DB lock a7f2978d-8db5-459d-af0d-7d04e4d5fe77
2025/06/02 09:26:02.024488 settings_helpers.go:53: GetPlanSettings - settings found in file
2025/06/02 09:26:02.030966 git.go:66: [Git] GitAddAndCommit - orgId: 6aaef103-b1ab-4c8c-8042-c121f40001ba, planId: d3b58b68-f88c-4f6f-b115-aaf7810fef61, branch: main, message: ⚙️  Updated model settings:
  • model-pack.id | 0afcc462-fa5f-4417-b69d-648bcaac551f → bbfc45de-0ec3-4fd7-916e-579a7eefb700
  • model-pack.name | aistudio → copilot
  • model-pack.planner.custom-provider | GEMISS → copilot
  • model-pack.planner.base-url | http://localhost:2048/v1 → http://localhost:4141/v1
  • model-pack.planner.model-name | gemini-2.5-pro-preview-05-06 → gemini-2.5-pro
  • model-pack.planner.model-id | gemini-2.5-pro-preview-05-06 → gemini-2.5-pro
  • model-pack.planner.max-tokens | 1000000 → 120000
  • model-pack.planner.model-compatibility.has-image-support | true → false
  • model-pack.planner.max-convo-tokens | 15000 → 10000
  • model-pack.coder.custom-provider | GEMISS → copilot
  • model-pack.coder.base-url | http://localhost:2048/v1 → http://localhost:4141/v1
  • model-pack.coder.model-name | gemini-2.5-pro-preview-05-06 → gemini-2.5-pro
  • model-pack.coder.model-id | gemini-2.5-pro-preview-05-06 → gemini-2.5-pro
  • model-pack.coder.max-tokens | 1000000 → 120000
  • model-pack.coder.model-compatibility.has-image-support | true → false
  • model-pack.plan-summary.custom-provider | GEMISS → copilot
  • model-pack.plan-summary.base-url | http://localhost:2048/v1 → http://localhost:4141/v1
  • model-pack.plan-summary.model-name | gemini-2.5-pro-preview-05-06 → gemini-2.5-pro
  • model-pack.plan-summary.model-id | gemini-2.5-pro-preview-05-06 → gemini-2.5-pro
  • model-pack.plan-summary.max-tokens | 1000000 → 120000
  • model-pack.plan-summary.model-compatibility.has-image-support | true → false
  • model-pack.builder.custom-provider | GEMISS → copilot
  • model-pack.builder.base-url | http://localhost:2048/v1 → http://localhost:4141/v1
  • model-pack.builder.model-name | gemini-2.5-pro-preview-05-06 → gemini-2.5-pro
  • model-pack.builder.model-id | gemini-2.5-pro-preview-05-06 → gemini-2.5-pro
  • model-pack.builder.max-tokens | 1000000 → 120000
  • model-pack.builder.model-compatibility.has-image-support | true → false
  • model-pack.namer.custom-provider | GEMISS → copilot
  • model-pack.namer.base-url | http://localhost:2048/v1 → http://localhost:4141/v1
  • model-pack.namer.model-name | gemini-2.5-pro-preview-05-06 → gemini-2.5-pro
  • model-pack.namer.model-id | gemini-2.5-pro-preview-05-06 → gemini-2.5-pro
  • model-pack.namer.max-tokens | 1000000 → 120000
  • model-pack.namer.model-compatibility.has-image-support | true → false
  • model-pack.commit-msg.custom-provider | GEMISS → copilot
  • model-pack.commit-msg.base-url | http://localhost:2048/v1 → http://localhost:4141/v1
  • model-pack.commit-msg.model-name | gemini-2.5-pro-preview-05-06 → gemini-2.5-pro
  • model-pack.commit-msg.model-id | gemini-2.5-pro-preview-05-06 → gemini-2.5-pro
  • model-pack.commit-msg.max-tokens | 1000000 → 120000
  • model-pack.commit-msg.model-compatibility.has-image-support | true → false
  • model-pack.exec-status.custom-provider | GEMISS → copilot
  • model-pack.exec-status.base-url | http://localhost:2048/v1 → http://localhost:4141/v1
  • model-pack.exec-status.model-name | gemini-2.5-pro-preview-05-06 → gemini-2.5-pro
  • model-pack.exec-status.model-id | gemini-2.5-pro-preview-05-06 → gemini-2.5-pro
  • model-pack.exec-status.max-tokens | 1000000 → 120000
  • model-pack.exec-status.model-compatibility.has-image-support | true → false
  • model-pack.architect.custom-provider | GEMISS → copilot
  • model-pack.architect.base-url | http://localhost:2048/v1 → http://localhost:4141/v1
  • model-pack.architect.model-name | gemini-2.5-pro-preview-05-06 → gemini-2.5-pro
  • model-pack.architect.model-id | gemini-2.5-pro-preview-05-06 → gemini-2.5-pro
  • model-pack.architect.max-tokens | 1000000 → 120000
  • model-pack.architect.model-compatibility.has-image-support | true → false
2025/06/02 09:26:02.031076 git.go:647: [Git] gitWriteOperation - label: GitAddAndCommit > gitAdd: plan=d3b58b68-f88c-4f6f-b115-aaf7810fef61 branch=main
2025/06/02 09:26:02.031085 git.go:603: [Git] gitRemoveIndexLockFileIfExists - repoDir: /tmp/plandex_server_data/orgs/6aaef103-b1ab-4c8c-8042-c121f40001ba/plans/d3b58b68-f88c-4f6f-b115-aaf7810fef61
2025/06/02 09:26:02.034388 git.go:647: [Git] gitWriteOperation - label: GitAddAndCommit > gitCommit: plan=d3b58b68-f88c-4f6f-b115-aaf7810fef61 branch=main
2025/06/02 09:26:02.034447 git.go:603: [Git] gitRemoveIndexLockFileIfExists - repoDir: /tmp/plandex_server_data/orgs/6aaef103-b1ab-4c8c-8042-c121f40001ba/plans/d3b58b68-f88c-4f6f-b115-aaf7810fef61
2025/06/02 09:26:02.044145 queue.go:193: [Queue] Releasing DB lock a7f2978d-8db5-459d-af0d-7d04e4d5fe77 for plan d3b58b68-f88c-4f6f-b115-aaf7810fef61
2025/06/02 09:26:02.044400 settings.go:170: UpdateSettingsHandler processed successfully
2025/06/02 09:26:02.044512 setup.go:59: 

Completed: PUT /plans/d3b58b68-f88c-4f6f-b115-aaf7810fef61/main/settings in 81.024754ms

2025/06/02 09:26:02.044603 locks.go:388: [Lock][Heartbeat] Timeout or context canceled during heartbeat loop for lock a7f2978d-8db5-459d-af0d-7d04e4d5fe77 for plan d3b58b68-f88c-4f6f-b115-aaf7810fef61 | reason: update settings
2025/06/02 09:26:02.045509 locks.go:501: [Lock][Delete][433] Lock released: a7f2978d-8db5-459d-af0d-7d04e4d5fe77 for plan d3b58b68-f88c-4f6f-b115-aaf7810fef61 | update settings
2025/06/02 09:26:02.045599 queue.go:198: [Queue] DB lock a7f2978d-8db5-459d-af0d-7d04e4d5fe77 released successfully
2025/06/02 09:26:04.833171 handler.go:31: traces export: parse "https://https:%2F%2Flogfire-api.pydantic.dev/v1/traces": invalid port ":%2F%2Flogfire-api.pydantic.dev" after host
2025/06/02 09:26:23.491671 setup.go:57: 

Request: GET /plans/d3b58b68-f88c-4f6f-b115-aaf7810fef61/config

2025/06/02 09:26:23.491833 plan_config.go:17: Received request for GetPlanConfigHandler
2025/06/02 09:26:23.491845 auth_helpers.go:442: authenticating request
2025/06/02 09:26:23.494969 auth_helpers.go:589: UserId: 7de205bd-e851-4579-8940-4f2cbb3b21ee, Email: local-admin@plandex.ai, OrgId: 6aaef103-b1ab-4c8c-8042-c121f40001ba
2025/06/02 09:26:23.495025 plan_config.go:27: planId:  d3b58b68-f88c-4f6f-b115-aaf7810fef61
2025/06/02 09:26:23.495035 auth_helpers.go:648: authorizing plan
2025/06/02 09:26:23.497174 plan_config.go:53: GetPlanConfigHandler processed successfully
2025/06/02 09:26:23.497301 setup.go:59: 

Completed: GET /plans/d3b58b68-f88c-4f6f-b115-aaf7810fef61/config in 5.630037ms

2025/06/02 09:26:23.498329 setup.go:57: 

Request: GET /plans/d3b58b68-f88c-4f6f-b115-aaf7810fef61/main/settings

2025/06/02 09:26:23.498710 settings.go:19: Received request for GetSettingsHandler
2025/06/02 09:26:23.498757 auth_helpers.go:442: authenticating request
2025/06/02 09:26:23.506115 auth_helpers.go:589: UserId: 7de205bd-e851-4579-8940-4f2cbb3b21ee, Email: local-admin@plandex.ai, OrgId: 6aaef103-b1ab-4c8c-8042-c121f40001ba
2025/06/02 09:26:23.506194 settings.go:30: planId:  d3b58b68-f88c-4f6f-b115-aaf7810fef61 branch:  main
2025/06/02 09:26:23.506206 auth_helpers.go:648: authorizing plan
2025/06/02 09:26:23.507847 queue.go:317: [Queue] ExecRepoOperation called for plan d3b58b68-f88c-4f6f-b115-aaf7810fef61, branch main, scope r, reason get settings
2025/06/02 09:26:23.510207 locks.go:166: [Lock][482] got lockable plan id for d3b58b68-f88c-4f6f-b115-aaf7810fef61 | reason: get settings
2025/06/02 09:26:23.510918 locks.go:227: [Lock][482] 0 locks found, 0 expired | reason: get settings
2025/06/02 09:26:23.553736 locks.go:383: Lock acquired: c44b0ee4-4144-4ea0-a76d-6d08e2690e0b for plan d3b58b68-f88c-4f6f-b115-aaf7810fef61 with scope r | reason: get settings
2025/06/02 09:26:23.553810 git.go:603: [Git] gitRemoveIndexLockFileIfExists - repoDir: /tmp/plandex_server_data/orgs/6aaef103-b1ab-4c8c-8042-c121f40001ba/plans/d3b58b68-f88c-4f6f-b115-aaf7810fef61
2025/06/02 09:26:23.553889 locks.go:401: [Lock][Heartbeat] Will update heartbeat for d3b58b68-f88c-4f6f-b115-aaf7810fef61 | get settings | Heartbeat interval: 3s, jitter: 191.116876ms
2025/06/02 09:26:23.553932 git.go:427: [Git] gitCheckoutBranch - repoDir: /tmp/plandex_server_data/orgs/6aaef103-b1ab-4c8c-8042-c121f40001ba/plans/d3b58b68-f88c-4f6f-b115-aaf7810fef61, branch: main
2025/06/02 09:26:23.553939 git.go:603: [Git] gitRemoveIndexLockFileIfExists - repoDir: /tmp/plandex_server_data/orgs/6aaef103-b1ab-4c8c-8042-c121f40001ba/plans/d3b58b68-f88c-4f6f-b115-aaf7810fef61
2025/06/02 09:26:23.555420 git.go:443: [Git] gitCheckoutBranch - currentBranch: main
2025/06/02 09:26:23.555470 git.go:446: [Git] gitCheckoutBranch - already on branch main, skipping
2025/06/02 09:26:23.555479 locks.go:464: [Lock] d3b58b68-f88c-4f6f-b115-aaf7810fef61 | get settings | Checked out branch
2025/06/02 09:26:23.555510 queue.go:190: [Queue] Acquired DB lock c44b0ee4-4144-4ea0-a76d-6d08e2690e0b
2025/06/02 09:26:23.555586 settings_helpers.go:53: GetPlanSettings - settings found in file
2025/06/02 09:26:23.555764 queue.go:193: [Queue] Releasing DB lock c44b0ee4-4144-4ea0-a76d-6d08e2690e0b for plan d3b58b68-f88c-4f6f-b115-aaf7810fef61
2025/06/02 09:26:23.555845 settings.go:74: GetSettingsHandler processed successfully
2025/06/02 09:26:23.555964 setup.go:59: 

Completed: GET /plans/d3b58b68-f88c-4f6f-b115-aaf7810fef61/main/settings in 57.636389ms

2025/06/02 09:26:23.556007 locks.go:388: [Lock][Heartbeat] Timeout or context canceled during heartbeat loop for lock c44b0ee4-4144-4ea0-a76d-6d08e2690e0b for plan d3b58b68-f88c-4f6f-b115-aaf7810fef61 | reason: get settings
2025/06/02 09:26:23.556742 locks.go:501: [Lock][Delete][482] Lock released: c44b0ee4-4144-4ea0-a76d-6d08e2690e0b for plan d3b58b68-f88c-4f6f-b115-aaf7810fef61 | get settings
2025/06/02 09:26:23.556788 queue.go:198: [Queue] DB lock c44b0ee4-4144-4ea0-a76d-6d08e2690e0b released successfully
2025/06/02 09:26:23.848672 setup.go:57: 

Request: GET /plans/d3b58b68-f88c-4f6f-b115-aaf7810fef61/main/context

2025/06/02 09:26:23.848828 plans_context.go:18: Received request for ListContextHandler
2025/06/02 09:26:23.848841 auth_helpers.go:442: authenticating request
2025/06/02 09:26:23.852190 auth_helpers.go:589: UserId: 7de205bd-e851-4579-8940-4f2cbb3b21ee, Email: local-admin@plandex.ai, OrgId: 6aaef103-b1ab-4c8c-8042-c121f40001ba
2025/06/02 09:26:23.852234 plans_context.go:28: planId:  d3b58b68-f88c-4f6f-b115-aaf7810fef61 branch:  main
2025/06/02 09:26:23.852242 auth_helpers.go:648: authorizing plan
2025/06/02 09:26:23.853616 queue.go:317: [Queue] ExecRepoOperation called for plan d3b58b68-f88c-4f6f-b115-aaf7810fef61, branch main, scope r, reason list contexts
2025/06/02 09:26:23.856083 locks.go:166: [Lock][477] got lockable plan id for d3b58b68-f88c-4f6f-b115-aaf7810fef61 | reason: list contexts
2025/06/02 09:26:23.857375 locks.go:227: [Lock][477] 0 locks found, 0 expired | reason: list contexts
2025/06/02 09:26:23.901963 locks.go:383: Lock acquired: 2438cc36-ecc7-47d4-84ed-3caabe8c1251 for plan d3b58b68-f88c-4f6f-b115-aaf7810fef61 with scope r | reason: list contexts
2025/06/02 09:26:23.902045 git.go:603: [Git] gitRemoveIndexLockFileIfExists - repoDir: /tmp/plandex_server_data/orgs/6aaef103-b1ab-4c8c-8042-c121f40001ba/plans/d3b58b68-f88c-4f6f-b115-aaf7810fef61
2025/06/02 09:26:23.902098 locks.go:401: [Lock][Heartbeat] Will update heartbeat for d3b58b68-f88c-4f6f-b115-aaf7810fef61 | list contexts | Heartbeat interval: 3s, jitter: 128.206376ms
2025/06/02 09:26:23.902109 git.go:427: [Git] gitCheckoutBranch - repoDir: /tmp/plandex_server_data/orgs/6aaef103-b1ab-4c8c-8042-c121f40001ba/plans/d3b58b68-f88c-4f6f-b115-aaf7810fef61, branch: main
2025/06/02 09:26:23.902125 git.go:603: [Git] gitRemoveIndexLockFileIfExists - repoDir: /tmp/plandex_server_data/orgs/6aaef103-b1ab-4c8c-8042-c121f40001ba/plans/d3b58b68-f88c-4f6f-b115-aaf7810fef61
2025/06/02 09:26:23.903627 git.go:443: [Git] gitCheckoutBranch - currentBranch: main
2025/06/02 09:26:23.903678 git.go:446: [Git] gitCheckoutBranch - already on branch main, skipping
2025/06/02 09:26:23.903689 locks.go:464: [Lock] d3b58b68-f88c-4f6f-b115-aaf7810fef61 | list contexts | Checked out branch
2025/06/02 09:26:23.903718 queue.go:190: [Queue] Acquired DB lock 2438cc36-ecc7-47d4-84ed-3caabe8c1251
2025/06/02 09:26:23.905287 queue.go:193: [Queue] Releasing DB lock 2438cc36-ecc7-47d4-84ed-3caabe8c1251 for plan d3b58b68-f88c-4f6f-b115-aaf7810fef61
2025/06/02 09:26:23.906193 setup.go:59: 

Completed: GET /plans/d3b58b68-f88c-4f6f-b115-aaf7810fef61/main/context in 57.520954ms

2025/06/02 09:26:23.906267 locks.go:388: [Lock][Heartbeat] Timeout or context canceled during heartbeat loop for lock 2438cc36-ecc7-47d4-84ed-3caabe8c1251 for plan d3b58b68-f88c-4f6f-b115-aaf7810fef61 | reason: list contexts
2025/06/02 09:26:23.906456 locks.go:501: [Lock][Delete][477] Lock released: 2438cc36-ecc7-47d4-84ed-3caabe8c1251 for plan d3b58b68-f88c-4f6f-b115-aaf7810fef61 | list contexts
2025/06/02 09:26:23.906494 queue.go:198: [Queue] DB lock 2438cc36-ecc7-47d4-84ed-3caabe8c1251 released successfully
2025/06/02 09:26:24.134438 handler.go:31: traces export: parse "https://https:%2F%2Flogfire-api.pydantic.dev/v1/traces": invalid port ":%2F%2Flogfire-api.pydantic.dev" after host
2025/06/02 09:26:24.398193 setup.go:57: 

Request: POST /file_map

2025/06/02 09:26:24.398354 file_maps.go:17: Received request for GetFileMapHandler
2025/06/02 09:26:24.398368 auth_helpers.go:442: authenticating request
2025/06/02 09:26:24.402407 auth_helpers.go:589: UserId: 7de205bd-e851-4579-8940-4f2cbb3b21ee, Email: local-admin@plandex.ai, OrgId: 6aaef103-b1ab-4c8c-8042-c121f40001ba
2025/06/02 09:26:24.402536 file_maps.go:31: GetFileMapHandler: checking limits
2025/06/02 09:26:24.402552 file_maps_queue.go:71: queueProjectMapJob: len(projectMapQueue): 0
2025/06/02 09:26:24.402575 file_maps_queue.go:85: mapWorker: len(job.inputs): 1
2025/06/02 09:26:24.402620 file_maps.go:99: GetFileMapHandler success - writing response bytes: 90
2025/06/02 09:26:24.402658 setup.go:59: 

Completed: POST /file_map in 4.465088ms

2025/06/02 09:26:24.404172 setup.go:57: 

Request: GET /plans/d3b58b68-f88c-4f6f-b115-aaf7810fef61/main/current_plan

2025/06/02 09:26:24.404852 plans_changes.go:20: Received request for CurrentPlanHandler
2025/06/02 09:26:24.404911 auth_helpers.go:442: authenticating request
2025/06/02 09:26:24.411532 auth_helpers.go:589: UserId: 7de205bd-e851-4579-8940-4f2cbb3b21ee, Email: local-admin@plandex.ai, OrgId: 6aaef103-b1ab-4c8c-8042-c121f40001ba
2025/06/02 09:26:24.411624 plans_changes.go:32: planId:  d3b58b68-f88c-4f6f-b115-aaf7810fef61 branch:  main sha:  
2025/06/02 09:26:24.411639 auth_helpers.go:648: authorizing plan
2025/06/02 09:26:24.514605 plans_changes.go:46: locking with scope: r
2025/06/02 09:26:24.514751 queue.go:317: [Queue] ExecRepoOperation called for plan d3b58b68-f88c-4f6f-b115-aaf7810fef61, branch main, scope r, reason get current plan state
2025/06/02 09:26:24.520064 locks.go:166: [Lock][497] got lockable plan id for d3b58b68-f88c-4f6f-b115-aaf7810fef61 | reason: get current plan state
2025/06/02 09:26:24.521945 locks.go:227: [Lock][497] 0 locks found, 0 expired | reason: get current plan state
2025/06/02 09:26:24.567677 locks.go:383: Lock acquired: 34110536-2479-4f57-a058-23d810a92fd7 for plan d3b58b68-f88c-4f6f-b115-aaf7810fef61 with scope r | reason: get current plan state
2025/06/02 09:26:24.567791 git.go:603: [Git] gitRemoveIndexLockFileIfExists - repoDir: /tmp/plandex_server_data/orgs/6aaef103-b1ab-4c8c-8042-c121f40001ba/plans/d3b58b68-f88c-4f6f-b115-aaf7810fef61
2025/06/02 09:26:24.567847 git.go:427: [Git] gitCheckoutBranch - repoDir: /tmp/plandex_server_data/orgs/6aaef103-b1ab-4c8c-8042-c121f40001ba/plans/d3b58b68-f88c-4f6f-b115-aaf7810fef61, branch: main
2025/06/02 09:26:24.567856 git.go:603: [Git] gitRemoveIndexLockFileIfExists - repoDir: /tmp/plandex_server_data/orgs/6aaef103-b1ab-4c8c-8042-c121f40001ba/plans/d3b58b68-f88c-4f6f-b115-aaf7810fef61
2025/06/02 09:26:24.567887 locks.go:401: [Lock][Heartbeat] Will update heartbeat for d3b58b68-f88c-4f6f-b115-aaf7810fef61 | get current plan state | Heartbeat interval: 3s, jitter: 208.076056ms
2025/06/02 09:26:24.570268 git.go:443: [Git] gitCheckoutBranch - currentBranch: main
2025/06/02 09:26:24.570369 git.go:446: [Git] gitCheckoutBranch - already on branch main, skipping
2025/06/02 09:26:24.570394 locks.go:464: [Lock] d3b58b68-f88c-4f6f-b115-aaf7810fef61 | get current plan state | Checked out branch
2025/06/02 09:26:24.570435 queue.go:190: [Queue] Acquired DB lock 34110536-2479-4f57-a058-23d810a92fd7
2025/06/02 09:26:24.574435 result_helpers.go:173: Got contexts: 1
2025/06/02 09:26:24.574631 queue.go:193: [Queue] Releasing DB lock 34110536-2479-4f57-a058-23d810a92fd7 for plan d3b58b68-f88c-4f6f-b115-aaf7810fef61
2025/06/02 09:26:24.578565 locks.go:501: [Lock][Delete][497] Lock released: 34110536-2479-4f57-a058-23d810a92fd7 for plan d3b58b68-f88c-4f6f-b115-aaf7810fef61 | get current plan state
2025/06/02 09:26:24.578668 queue.go:198: [Queue] DB lock 34110536-2479-4f57-a058-23d810a92fd7 released successfully
2025/06/02 09:26:24.579029 plans_changes.go:101: Successfully retrieved current plan state
2025/06/02 09:26:24.579439 setup.go:59: 

Completed: GET /plans/d3b58b68-f88c-4f6f-b115-aaf7810fef61/main/current_plan in 175.266863ms

2025/06/02 09:26:24.579561 locks.go:388: [Lock][Heartbeat] Timeout or context canceled during heartbeat loop for lock 34110536-2479-4f57-a058-23d810a92fd7 for plan d3b58b68-f88c-4f6f-b115-aaf7810fef61 | reason: get current plan state
2025/06/02 09:26:24.585485 setup.go:57: 

Request: PUT /plans/d3b58b68-f88c-4f6f-b115-aaf7810fef61/main/context

2025/06/02 09:26:24.585718 plans_context.go:215: Received request for UpdateContextHandler
2025/06/02 09:26:24.585739 auth_helpers.go:442: authenticating request
2025/06/02 09:26:24.594614 auth_helpers.go:589: UserId: 7de205bd-e851-4579-8940-4f2cbb3b21ee, Email: local-admin@plandex.ai, OrgId: 6aaef103-b1ab-4c8c-8042-c121f40001ba
2025/06/02 09:26:24.594846 plans_context.go:225: planId:  d3b58b68-f88c-4f6f-b115-aaf7810fef61
2025/06/02 09:26:24.594885 auth_helpers.go:648: authorizing plan
2025/06/02 09:26:24.597930 queue.go:317: [Queue] ExecRepoOperation called for plan d3b58b68-f88c-4f6f-b115-aaf7810fef61, branch main, scope w, reason update contexts
2025/06/02 09:26:24.602198 locks.go:166: [Lock][399] got lockable plan id for d3b58b68-f88c-4f6f-b115-aaf7810fef61 | reason: update contexts
2025/06/02 09:26:24.603474 locks.go:227: [Lock][399] 0 locks found, 0 expired | reason: update contexts
2025/06/02 09:26:24.606482 locks.go:383: Lock acquired: ae452fab-9e9d-4e03-924a-015eac62dd35 for plan d3b58b68-f88c-4f6f-b115-aaf7810fef61 with scope w | reason: update contexts
2025/06/02 09:26:24.606579 git.go:603: [Git] gitRemoveIndexLockFileIfExists - repoDir: /tmp/plandex_server_data/orgs/6aaef103-b1ab-4c8c-8042-c121f40001ba/plans/d3b58b68-f88c-4f6f-b115-aaf7810fef61
2025/06/02 09:26:24.606676 git.go:427: [Git] gitCheckoutBranch - repoDir: /tmp/plandex_server_data/orgs/6aaef103-b1ab-4c8c-8042-c121f40001ba/plans/d3b58b68-f88c-4f6f-b115-aaf7810fef61, branch: main
2025/06/02 09:26:24.606691 git.go:603: [Git] gitRemoveIndexLockFileIfExists - repoDir: /tmp/plandex_server_data/orgs/6aaef103-b1ab-4c8c-8042-c121f40001ba/plans/d3b58b68-f88c-4f6f-b115-aaf7810fef61
2025/06/02 09:26:24.606690 locks.go:401: [Lock][Heartbeat] Will update heartbeat for d3b58b68-f88c-4f6f-b115-aaf7810fef61 | update contexts | Heartbeat interval: 3s, jitter: 147.31508ms
2025/06/02 09:26:24.610811 git.go:443: [Git] gitCheckoutBranch - currentBranch: main
2025/06/02 09:26:24.611027 git.go:446: [Git] gitCheckoutBranch - already on branch main, skipping
2025/06/02 09:26:24.611046 locks.go:464: [Lock] d3b58b68-f88c-4f6f-b115-aaf7810fef61 | update contexts | Checked out branch
2025/06/02 09:26:24.611103 queue.go:190: [Queue] Acquired DB lock ae452fab-9e9d-4e03-924a-015eac62dd35
2025/06/02 09:26:24.612668 settings_helpers.go:53: GetPlanSettings - settings found in file
2025/06/02 09:26:24.625025 result_helpers.go:173: Got contexts: 1
2025/06/02 09:26:24.735510 context_helpers_store.go:89: StoreContext - context.MapParts length 455
2025/06/02 09:26:24.735591 context_helpers_store.go:104: StoreContext - mapCachePath /tmp/plandex_server_data/orgs/6aaef103-b1ab-4c8c-8042-c121f40001ba/projects/937532f3-b441-4fca-a384-61b11b163b48/map_cache/5058f1af8388633f609cadb75a75dc9d.json
2025/06/02 09:26:24.742507 git.go:66: [Git] GitAddAndCommit - orgId: 6aaef103-b1ab-4c8c-8042-c121f40001ba, planId: d3b58b68-f88c-4f6f-b115-aaf7810fef61, branch: main, message: Updated 1 map in context | added → 0 🪙 | total → 41279 🪙

+---------+------+----+
|  NAME   | TYPE | 🪙 |
+---------+------+----+
| [92;1m 🗺️  cwd[0m | [92mmap[0m  | [92m+0[0m |
+---------+------+----+
2025/06/02 09:26:24.742589 git.go:647: [Git] gitWriteOperation - label: GitAddAndCommit > gitAdd: plan=d3b58b68-f88c-4f6f-b115-aaf7810fef61 branch=main
2025/06/02 09:26:24.742600 git.go:603: [Git] gitRemoveIndexLockFileIfExists - repoDir: /tmp/plandex_server_data/orgs/6aaef103-b1ab-4c8c-8042-c121f40001ba/plans/d3b58b68-f88c-4f6f-b115-aaf7810fef61
2025/06/02 09:26:24.756412 git.go:647: [Git] gitWriteOperation - label: GitAddAndCommit > gitCommit: plan=d3b58b68-f88c-4f6f-b115-aaf7810fef61 branch=main
2025/06/02 09:26:24.756988 git.go:603: [Git] gitRemoveIndexLockFileIfExists - repoDir: /tmp/plandex_server_data/orgs/6aaef103-b1ab-4c8c-8042-c121f40001ba/plans/d3b58b68-f88c-4f6f-b115-aaf7810fef61
2025/06/02 09:26:24.775634 queue.go:193: [Queue] Releasing DB lock ae452fab-9e9d-4e03-924a-015eac62dd35 for plan d3b58b68-f88c-4f6f-b115-aaf7810fef61
2025/06/02 09:26:24.775701 plans_context.go:315: Successfully processed UpdateContextHandler request
2025/06/02 09:26:24.776013 setup.go:59: 

Completed: PUT /plans/d3b58b68-f88c-4f6f-b115-aaf7810fef61/main/context in 190.528131ms

2025/06/02 09:26:24.776125 locks.go:388: [Lock][Heartbeat] Timeout or context canceled during heartbeat loop for lock ae452fab-9e9d-4e03-924a-015eac62dd35 for plan d3b58b68-f88c-4f6f-b115-aaf7810fef61 | reason: update contexts
2025/06/02 09:26:24.777445 locks.go:501: [Lock][Delete][399] Lock released: ae452fab-9e9d-4e03-924a-015eac62dd35 for plan d3b58b68-f88c-4f6f-b115-aaf7810fef61 | update contexts
2025/06/02 09:26:24.777511 queue.go:198: [Queue] DB lock ae452fab-9e9d-4e03-924a-015eac62dd35 released successfully
2025/06/02 09:26:25.101151 setup.go:57: 

Request: POST /plans/d3b58b68-f88c-4f6f-b115-aaf7810fef61/main/tell

2025/06/02 09:26:25.101352 plans_exec.go:24: Received request for TellPlanHandler ip: localhost
2025/06/02 09:26:25.101393 auth_helpers.go:442: authenticating request
2025/06/02 09:26:25.109020 auth_helpers.go:589: UserId: 7de205bd-e851-4579-8940-4f2cbb3b21ee, Email: local-admin@plandex.ai, OrgId: 6aaef103-b1ab-4c8c-8042-c121f40001ba
2025/06/02 09:26:25.109088 plans_exec.go:35: planId:  d3b58b68-f88c-4f6f-b115-aaf7810fef61
2025/06/02 09:26:25.109101 auth_helpers.go:648: authorizing plan
2025/06/02 09:26:25.111208 settings_helpers.go:53: GetPlanSettings - settings found in file
2025/06/02 09:26:25.111456 tell_exec.go:45: Tell: Called with plan ID d3b58b68-f88c-4f6f-b115-aaf7810fef61 on branch main (TraceID: 8b268070962a73353d4807c3b60666fa)
2025/06/02 09:26:25.111498 activate.go:25: Activate plan: plan ID d3b58b68-f88c-4f6f-b115-aaf7810fef61 on branch main
2025/06/02 09:26:25.111509 activate.go:28: Waiting 100ms before checking for active plan
2025/06/02 09:26:25.211927 activate.go:30: Done waiting, checking for active plan
2025/06/02 09:26:25.257640 activate.go:79: Tell: Model stream stored with ID ebf0331d-58ca-4757-9ce7-957fed6849b0 for plan ID d3b58b68-f88c-4f6f-b115-aaf7810fef61 on branch main
2025/06/02 09:26:25.257816 activate.go:80: Model stream id: ebf0331d-58ca-4757-9ce7-957fed6849b0
2025/06/02 09:26:25.257877 tell_exec.go:76: Tell: Tell operation completed successfully for plan ID d3b58b68-f88c-4f6f-b115-aaf7810fef61 on branch main (TraceID: 8b268070962a73353d4807c3b60666fa)
2025/06/02 09:26:25.257990 stream_helper.go:20: Response stream manager: starting plan stream
2025/06/02 09:26:25.258144 stream_helper.go:45: Response stream manager: sending initial message
2025/06/02 09:26:25.258305 tell_exec.go:107: [TellExec] Starting iteration 0 for plan d3b58b68-f88c-4f6f-b115-aaf7810fef61 on branch main (TraceID: 8b268070962a73353d4807c3b60666fa)
2025/06/02 09:26:25.258400 tell_exec.go:127: [TellExec] Starting iteration 0 for plan d3b58b68-f88c-4f6f-b115-aaf7810fef61 on branch main
2025/06/02 09:26:25.258430 tell_exec.go:154: Executing WillExecPlanHook
2025/06/02 09:26:25.258439 tell_exec.go:168: execTellPlan - Setting plan status to replying
2025/06/02 09:26:25.258458 state.go:140: Subscribing to plan d3b58b68-f88c-4f6f-b115-aaf7810fef61
2025/06/02 09:26:25.262402 tell_exec.go:183: execTellPlan - Plan status set to replying
2025/06/02 09:26:25.262476 tell_exec.go:198: execTellPlan - Loading tell plan
2025/06/02 09:26:25.262490 tell_load.go:50: [TellLoad] Tell plan - loadTellPlan - iteration: 0, missingFileResponse: , req.IsUserContinue: false, lockScope: w
2025/06/02 09:26:25.262507 queue.go:317: [Queue] ExecRepoOperation called for plan d3b58b68-f88c-4f6f-b115-aaf7810fef61, branch main, scope w, reason load tell plan
2025/06/02 09:26:25.264879 locks.go:166: [Lock][586] got lockable plan id for d3b58b68-f88c-4f6f-b115-aaf7810fef61 | reason: load tell plan
2025/06/02 09:26:25.265846 locks.go:227: [Lock][586] 0 locks found, 0 expired | reason: load tell plan
2025/06/02 09:26:25.268725 locks.go:383: Lock acquired: 8e18375a-bbb8-45c5-aa68-21c71346d9f0 for plan d3b58b68-f88c-4f6f-b115-aaf7810fef61 with scope w | reason: load tell plan
2025/06/02 09:26:25.268778 git.go:603: [Git] gitRemoveIndexLockFileIfExists - repoDir: /tmp/plandex_server_data/orgs/6aaef103-b1ab-4c8c-8042-c121f40001ba/plans/d3b58b68-f88c-4f6f-b115-aaf7810fef61
2025/06/02 09:26:25.268826 git.go:427: [Git] gitCheckoutBranch - repoDir: /tmp/plandex_server_data/orgs/6aaef103-b1ab-4c8c-8042-c121f40001ba/plans/d3b58b68-f88c-4f6f-b115-aaf7810fef61, branch: main
2025/06/02 09:26:25.268833 git.go:603: [Git] gitRemoveIndexLockFileIfExists - repoDir: /tmp/plandex_server_data/orgs/6aaef103-b1ab-4c8c-8042-c121f40001ba/plans/d3b58b68-f88c-4f6f-b115-aaf7810fef61
2025/06/02 09:26:25.268838 locks.go:401: [Lock][Heartbeat] Will update heartbeat for d3b58b68-f88c-4f6f-b115-aaf7810fef61 | load tell plan | Heartbeat interval: 3s, jitter: 91.836395ms
2025/06/02 09:26:25.270316 git.go:443: [Git] gitCheckoutBranch - currentBranch: main
2025/06/02 09:26:25.270360 git.go:446: [Git] gitCheckoutBranch - already on branch main, skipping
2025/06/02 09:26:25.270368 locks.go:464: [Lock] d3b58b68-f88c-4f6f-b115-aaf7810fef61 | load tell plan | Checked out branch
2025/06/02 09:26:25.270381 queue.go:190: [Queue] Acquired DB lock 8e18375a-bbb8-45c5-aa68-21c71346d9f0
2025/06/02 09:26:25.270554 settings_helpers.go:53: GetPlanSettings - settings found in file
2025/06/02 09:26:25.270664 tell_load.go:203: getting plan summaries
2025/06/02 09:26:25.270681 tell_load.go:204: convoMessageIds: [26ab7763-bede-4e98-9a47-8cdb7e0387c0]
2025/06/02 09:26:25.270685 tell_load.go:160: [TellLoad] storing user message | len(convo): 1 | num: 2
2025/06/02 09:26:25.270706 tell_load.go:177: [TellLoad] storing user message
2025/06/02 09:26:25.271066 model_request.go:82: Model config - role: names, model: gemini-2.5-pro, max output tokens: 8192
2025/06/02 09:26:25.271114 client_stream.go:267: withStreamingRetries - will run operation
2025/06/02 09:26:25.271161 client_stream.go:105: processChatCompletionStream - modelConfig (map[string]interface {}) (len=2) {
 (string) (len=5) "model": (shared.ModelName) (len=14) "gemini-2.5-pro",
 (string) (len=8) "provider": (shared.ModelProvider) (len=6) "custom"
}

2025/06/02 09:26:25.271187 client.go:195: LLM API call starting - Model: gemini-2.5-pro, Provider: custom (TraceID: 84b777c7fe67143299f59d88cc900f79)
2025/06/02 09:26:25.271768 tell_load.go:214: got 0 plan summaries
2025/06/02 09:26:25.272325 tell_load.go:130: [TellLoad] Tell plan - loadTellPlan - modelContext: 0
2025/06/02 09:26:25.272812 convo_helpers.go:163: StoreConvoMessage - message.Flags.CurrentStage.TellStage: 
2025/06/02 09:26:25.272851 convo_helpers.go:164: StoreConvoMessage - message.Subtask: <nil>
2025/06/02 09:26:25.272876 convo_helpers.go:188: [Git] StoreConvoMessage - committing convo message: Message #2 | 💬 User prompt | 1 🪙, branch: main
2025/06/02 09:26:25.272885 git.go:66: [Git] GitAddAndCommit - orgId: 6aaef103-b1ab-4c8c-8042-c121f40001ba, planId: d3b58b68-f88c-4f6f-b115-aaf7810fef61, branch: main, message: Message #2 | 💬 User prompt | 1 🪙
2025/06/02 09:26:25.272895 git.go:647: [Git] gitWriteOperation - label: GitAddAndCommit > gitAdd: plan=d3b58b68-f88c-4f6f-b115-aaf7810fef61 branch=main
2025/06/02 09:26:25.272901 git.go:603: [Git] gitRemoveIndexLockFileIfExists - repoDir: /tmp/plandex_server_data/orgs/6aaef103-b1ab-4c8c-8042-c121f40001ba/plans/d3b58b68-f88c-4f6f-b115-aaf7810fef61
2025/06/02 09:26:25.278765 git.go:647: [Git] gitWriteOperation - label: GitAddAndCommit > gitCommit: plan=d3b58b68-f88c-4f6f-b115-aaf7810fef61 branch=main
2025/06/02 09:26:25.278803 git.go:603: [Git] gitRemoveIndexLockFileIfExists - repoDir: /tmp/plandex_server_data/orgs/6aaef103-b1ab-4c8c-8042-c121f40001ba/plans/d3b58b68-f88c-4f6f-b115-aaf7810fef61
2025/06/02 09:26:26.103383 client_stream.go:274: withStreamingRetries - operation returned error: error creating chat completion stream: status code: 400, body: {"error":{"message":"{\"error\":{\"message\":\"Request contains only system messages. Gemini requires at least one non-system message.\",\"code\":\"invalid_request_body\"}}\n","type":"error"}}
2025/06/02 09:26:26.103428 client_stream.go:287: Error in streaming operation: error creating chat completion stream: status code: 400, body: {"error":{"message":"{\"error\":{\"message\":\"Request contains only system messages. Gemini requires at least one non-system message.\",\"code\":\"invalid_request_body\"}}\n","type":"error"}}, isFallback: false, numTotalRetry: 0, numFallbackRetry: 0, numRetry: 0, compareRetries: 0, maxRetries: 2
2025/06/02 09:26:26.103436 model_error.go:39: Classifying error message: error creating chat completion stream: status code: 400, body: {"error":{"message":"{\"error\":{\"message\":\"Request contains only system messages. Gemini requires at least one non-system message.\",\"code\":\"invalid_request_body\"}}\n","type":"error"}}
2025/06/02 09:26:26.103450 model_error.go:85: No error classification based on message
2025/06/02 09:26:26.103459 client_stream.go:332: withStreamingRetries - retrying stream in 1.096s seconds
2025/06/02 09:26:27.200439 client_stream.go:267: withStreamingRetries - will run operation
2025/06/02 09:26:27.200562 client_stream.go:105: processChatCompletionStream - modelConfig (map[string]interface {}) (len=2) {
 (string) (len=5) "model": (shared.ModelName) (len=14) "gemini-2.5-pro",
 (string) (len=8) "provider": (shared.ModelProvider) (len=6) "custom"
}

2025/06/02 09:26:27.200620 client.go:195: LLM API call starting - Model: gemini-2.5-pro, Provider: custom (TraceID: e1c94281ef0049ea8c635fd8ec4f16b9)
2025/06/02 09:26:27.441507 client_stream.go:274: withStreamingRetries - operation returned error: error creating chat completion stream: status code: 400, body: {"error":{"message":"{\"error\":{\"message\":\"Request contains only system messages. Gemini requires at least one non-system message.\",\"code\":\"invalid_request_body\"}}\n","type":"error"}}
2025/06/02 09:26:27.441662 client_stream.go:287: Error in streaming operation: error creating chat completion stream: status code: 400, body: {"error":{"message":"{\"error\":{\"message\":\"Request contains only system messages. Gemini requires at least one non-system message.\",\"code\":\"invalid_request_body\"}}\n","type":"error"}}, isFallback: false, numTotalRetry: 1, numFallbackRetry: 0, numRetry: 1, compareRetries: 1, maxRetries: 2
2025/06/02 09:26:27.441689 model_error.go:39: Classifying error message: error creating chat completion stream: status code: 400, body: {"error":{"message":"{\"error\":{\"message\":\"Request contains only system messages. Gemini requires at least one non-system message.\",\"code\":\"invalid_request_body\"}}\n","type":"error"}}
2025/06/02 09:26:27.441706 model_error.go:85: No error classification based on message
2025/06/02 09:26:27.441718 client_stream.go:332: withStreamingRetries - retrying stream in 1.149s seconds
2025/06/02 09:26:28.360932 locks.go:410: [Lock][Heartbeat] d3b58b68-f88c-4f6f-b115-aaf7810fef61 | load tell plan | Updating repo lock last heartbeat
2025/06/02 09:26:28.362262 locks.go:442: [Lock][Heartbeat] d3b58b68-f88c-4f6f-b115-aaf7810fef61 | load tell plan | Lock found: 8e18375a-bbb8-45c5-aa68-21c71346d9f0 | continuing heartbeat loop
2025/06/02 09:26:28.362333 locks.go:401: [Lock][Heartbeat] Will update heartbeat for d3b58b68-f88c-4f6f-b115-aaf7810fef61 | load tell plan | Heartbeat interval: 3s, jitter: 47.933607ms
2025/06/02 09:26:28.591000 client_stream.go:267: withStreamingRetries - will run operation
2025/06/02 09:26:28.591104 client_stream.go:105: processChatCompletionStream - modelConfig (map[string]interface {}) (len=2) {
 (string) (len=5) "model": (shared.ModelName) (len=14) "gemini-2.5-pro",
 (string) (len=8) "provider": (shared.ModelProvider) (len=6) "custom"
}

2025/06/02 09:26:28.591145 client.go:195: LLM API call starting - Model: gemini-2.5-pro, Provider: custom (TraceID: 2fa719e83c45972049bb1ab357ee183e)
2025/06/02 09:26:28.839686 client_stream.go:274: withStreamingRetries - operation returned error: error creating chat completion stream: status code: 400, body: {"error":{"message":"{\"error\":{\"message\":\"Request contains only system messages. Gemini requires at least one non-system message.\",\"code\":\"invalid_request_body\"}}\n","type":"error"}}
2025/06/02 09:26:28.839779 client_stream.go:287: Error in streaming operation: error creating chat completion stream: status code: 400, body: {"error":{"message":"{\"error\":{\"message\":\"Request contains only system messages. Gemini requires at least one non-system message.\",\"code\":\"invalid_request_body\"}}\n","type":"error"}}, isFallback: false, numTotalRetry: 2, numFallbackRetry: 0, numRetry: 2, compareRetries: 2, maxRetries: 2
2025/06/02 09:26:28.839798 model_error.go:39: Classifying error message: error creating chat completion stream: status code: 400, body: {"error":{"message":"{\"error\":{\"message\":\"Request contains only system messages. Gemini requires at least one non-system message.\",\"code\":\"invalid_request_body\"}}\n","type":"error"}}
2025/06/02 09:26:28.839821 model_error.go:85: No error classification based on message
2025/06/02 09:26:28.839837 client_stream.go:319: withStreamingRetries - compareRetries >= maxRetries - returning error
Error during plan name model call: error creating chat completion stream: status code: 400, body: {"error":{"message":"{\"error\":{\"message\":\"Request contains only system messages. Gemini requires at least one non-system message.\",\"code\":\"invalid_request_body\"}}\n","type":"error"}}
2025/06/02 09:26:28.839855 tell_load.go:86: Error generating plan name: error creating chat completion stream: status code: 400, body: {"error":{"message":"{\"error\":{\"message\":\"Request contains only system messages. Gemini requires at least one non-system message.\",\"code\":\"invalid_request_body\"}}\n","type":"error"}}
2025/06/02 09:26:28.839922 queue.go:193: [Queue] Releasing DB lock 8e18375a-bbb8-45c5-aa68-21c71346d9f0 for plan d3b58b68-f88c-4f6f-b115-aaf7810fef61
2025/06/02 09:26:28.839974 state.go:44: case apiErr := <-activePlan.StreamDoneCh: d3b58b68-f88c-4f6f-b115-aaf7810fef61
2025/06/02 09:26:28.840001 tell_load.go:279: execTellPlan: error loading tell plan: error generating plan name: error creating chat completion stream: status code: 400, body: {"error":{"message":"{\"error\":{\"message\":\"Request contains only system messages. Gemini requires at least one non-system message.\",\"code\":\"invalid_request_body\"}}\n","type":"error"}}
2025/06/02 09:26:28.840014 state.go:45: apiErr: 500 Error: Error loading plan: error generating plan name: error creating chat completion stream: status code: 400, body: {"error":{"message":"{\"error\":{\"message\":\"Request contains only system messages. Gemini requires at least one non-system message.\",\"code\":\"invalid_request_body\"}}\n","type":"error"}}
2025/06/02 09:26:28.840310 state.go:61: Error streaming plan d3b58b68-f88c-4f6f-b115-aaf7810fef61: 500 Error: Error loading plan: error generating plan name: error creating chat completion stream: status code: 400, body: {"error":{"message":"{\"error\":{\"message\":\"Request contains only system messages. Gemini requires at least one non-system message.\",\"code\":\"invalid_request_body\"}}\n","type":"error"}}
2025/06/02 09:26:28.842045 locks.go:501: [Lock][Delete][586] Lock released: 8e18375a-bbb8-45c5-aa68-21c71346d9f0 for plan d3b58b68-f88c-4f6f-b115-aaf7810fef61 | load tell plan
2025/06/02 09:26:28.842377 queue.go:198: [Queue] DB lock 8e18375a-bbb8-45c5-aa68-21c71346d9f0 released successfully
2025/06/02 09:26:28.847153 state.go:68: Sending error message to client
2025/06/02 09:26:28.847247 active_plan.go:198: ActivePlan.Stream: skipping buffer for special message
2025/06/02 09:26:28.847327 active_plan.go:199: (shared.StreamMessage) {
 Type: (shared.StreamMessageType) (len=5) "error",
 ReplyChunk: (string) "",
 BuildInfo: (*shared.BuildInfo)(<nil>),
 Description: (*shared.ConvoMessageDescription)(<nil>),
 Error: (*shared.ApiError)(0xc00013ca00)(500 Error: Error loading plan: error generating plan name: error creating chat completion stream: status code: 400, body: {"error":{"message":"{\"error\":{\"message\":\"Request contains only system messages. Gemini requires at least one non-system message.\",\"code\":\"invalid_request_body\"}}\n","type":"error"}}),
 MissingFilePath: (string) "",
 MissingFileAutoContext: (bool) false,
 ModelStreamId: (string) "",
 LoadContextFiles: ([]string) <nil>,
 InitPrompt: (string) "",
 InitReplies: ([]string) <nil>,
 InitBuildOnly: (bool) false,
 StreamMessages: ([]shared.StreamMessage) <nil>
}

2025/06/02 09:26:28.847438 state.go:75: Stopping any active summary stream
2025/06/02 09:26:28.847466 state.go:78: Waiting 100ms after streaming error before canceling active plan
2025/06/02 09:26:28.848051 stream_helper.go:94: Response stream manager: request context done
2025/06/02 09:26:28.848114 stream_helper.go:64: Response stream manager: client stream closed
2025/06/02 09:26:28.848129 state.go:157: UnsubscribePlan d3b58b68-f88c-4f6f-b115-aaf7810fef61 - main - a39038fe-99e2-46a9-bac6-3195e74379f7
2025/06/02 09:26:28.848150 state.go:168: Unsubscribed from plan d3b58b68-f88c-4f6f-b115-aaf7810fef61 - main - a39038fe-99e2-46a9-bac6-3195e74379f7
2025/06/02 09:26:28.848162 plans_exec.go:97: Successfully processed request for TellPlanHandler
2025/06/02 09:26:28.848176 plans_exec.go:50: Closing request body
2025/06/02 09:26:28.848223 setup.go:59: 

Completed: POST /plans/d3b58b68-f88c-4f6f-b115-aaf7810fef61/main/tell in 3.747073465s

2025/06/02 09:26:28.947661 state.go:83: Cancelling active plan
2025/06/02 09:26:28.947842 state.go:96: Deleting active plan d3b58b68-f88c-4f6f-b115-aaf7810fef61 - main - 6aaef103-b1ab-4c8c-8042-c121f40001ba
2025/06/02 09:26:28.947884 state.go:107: Clearing uncommitted changes for plan d3b58b68-f88c-4f6f-b115-aaf7810fef61 - main - 6aaef103-b1ab-4c8c-8042-c121f40001ba
2025/06/02 09:26:28.947906 queue.go:317: [Queue] ExecRepoOperation called for plan d3b58b68-f88c-4f6f-b115-aaf7810fef61, branch main, scope w, reason delete active plan
2025/06/02 09:26:28.947934 active_plan.go:136: ActivePlan stream manager returned
2025/06/02 09:26:28.947998 locks.go:388: [Lock][Heartbeat] Timeout or context canceled during heartbeat loop for lock 8e18375a-bbb8-45c5-aa68-21c71346d9f0 for plan d3b58b68-f88c-4f6f-b115-aaf7810fef61 | reason: load tell plan
2025/06/02 09:26:28.952639 locks.go:166: [Lock][197] got lockable plan id for d3b58b68-f88c-4f6f-b115-aaf7810fef61 | reason: delete active plan
2025/06/02 09:26:28.953708 locks.go:227: [Lock][197] 0 locks found, 0 expired | reason: delete active plan
2025/06/02 09:26:28.957512 locks.go:383: Lock acquired: 4e436f85-3a7c-4246-9338-3546c2968110 for plan d3b58b68-f88c-4f6f-b115-aaf7810fef61 with scope w | reason: delete active plan
2025/06/02 09:26:28.957611 git.go:603: [Git] gitRemoveIndexLockFileIfExists - repoDir: /tmp/plandex_server_data/orgs/6aaef103-b1ab-4c8c-8042-c121f40001ba/plans/d3b58b68-f88c-4f6f-b115-aaf7810fef61
2025/06/02 09:26:28.957702 locks.go:401: [Lock][Heartbeat] Will update heartbeat for d3b58b68-f88c-4f6f-b115-aaf7810fef61 | delete active plan | Heartbeat interval: 3s, jitter: 137.61402ms
2025/06/02 09:26:28.957765 git.go:427: [Git] gitCheckoutBranch - repoDir: /tmp/plandex_server_data/orgs/6aaef103-b1ab-4c8c-8042-c121f40001ba/plans/d3b58b68-f88c-4f6f-b115-aaf7810fef61, branch: main
2025/06/02 09:26:28.957785 git.go:603: [Git] gitRemoveIndexLockFileIfExists - repoDir: /tmp/plandex_server_data/orgs/6aaef103-b1ab-4c8c-8042-c121f40001ba/plans/d3b58b68-f88c-4f6f-b115-aaf7810fef61
2025/06/02 09:26:28.960278 git.go:443: [Git] gitCheckoutBranch - currentBranch: main
2025/06/02 09:26:28.960352 git.go:446: [Git] gitCheckoutBranch - already on branch main, skipping
2025/06/02 09:26:28.960366 locks.go:464: [Lock] d3b58b68-f88c-4f6f-b115-aaf7810fef61 | delete active plan | Checked out branch
2025/06/02 09:26:28.960385 queue.go:190: [Queue] Acquired DB lock 4e436f85-3a7c-4246-9338-3546c2968110
2025/06/02 09:26:28.960461 state.go:119: Starting clear uncommitted changes for plan d3b58b68-f88c-4f6f-b115-aaf7810fef61 - main - 6aaef103-b1ab-4c8c-8042-c121f40001ba
2025/06/02 09:26:28.960484 git.go:335: [Git] GitClearUncommittedChanges - orgId: 6aaef103-b1ab-4c8c-8042-c121f40001ba, planId: d3b58b68-f88c-4f6f-b115-aaf7810fef61, branch: main
2025/06/02 09:26:28.967440 git.go:647: [Git] gitWriteOperation - label: GitClearUncommittedChanges > gitReset: plan=d3b58b68-f88c-4f6f-b115-aaf7810fef61
2025/06/02 09:26:28.967525 git.go:356: [Git] GitClearUncommittedChanges - resetting staged changes for plan d3b58b68-f88c-4f6f-b115-aaf7810fef61
2025/06/02 09:26:28.971656 git.go:361: [Git] GitClearUncommittedChanges - reset staged changes finished for plan d3b58b68-f88c-4f6f-b115-aaf7810fef61
2025/06/02 09:26:28.971732 git.go:647: [Git] gitWriteOperation - label: GitClearUncommittedChanges > gitClean: plan=d3b58b68-f88c-4f6f-b115-aaf7810fef61
2025/06/02 09:26:28.971744 git.go:371: [Git] GitClearUncommittedChanges - cleaning untracked files for plan d3b58b68-f88c-4f6f-b115-aaf7810fef61
2025/06/02 09:26:28.974742 git.go:376: [Git] GitClearUncommittedChanges - clean untracked files finished for plan d3b58b68-f88c-4f6f-b115-aaf7810fef61
2025/06/02 09:26:28.974830 state.go:121: Finished clear uncommitted changes for plan d3b58b68-f88c-4f6f-b115-aaf7810fef61 - main - 6aaef103-b1ab-4c8c-8042-c121f40001ba
2025/06/02 09:26:28.974850 state.go:122: Error: <nil>
2025/06/02 09:26:28.974901 queue.go:193: [Queue] Releasing DB lock 4e436f85-3a7c-4246-9338-3546c2968110 for plan d3b58b68-f88c-4f6f-b115-aaf7810fef61
2025/06/02 09:26:28.974967 state.go:132: Deleted active plan d3b58b68-f88c-4f6f-b115-aaf7810fef61 - main - 6aaef103-b1ab-4c8c-8042-c121f40001ba
2025/06/02 09:26:28.975050 locks.go:388: [Lock][Heartbeat] Timeout or context canceled during heartbeat loop for lock 4e436f85-3a7c-4246-9338-3546c2968110 for plan d3b58b68-f88c-4f6f-b115-aaf7810fef61 | reason: delete active plan
2025/06/02 09:26:28.976600 locks.go:501: [Lock][Delete][197] Lock released: 4e436f85-3a7c-4246-9338-3546c2968110 for plan d3b58b68-f88c-4f6f-b115-aaf7810fef61 | delete active plan
2025/06/02 09:26:28.976693 queue.go:198: [Queue] DB lock 4e436f85-3a7c-4246-9338-3546c2968110 released successfully
2025/06/02 09:26:29.135364 handler.go:31: traces export: parse "https://https:%2F%2Flogfire-api.pydantic.dev/v1/traces": invalid port ":%2F%2Flogfire-api.pydantic.dev" after host
2025/06/02 09:26:29.355934 stream_helpers.go:76: Setting model stream finished: ebf0331d-58ca-4757-9ce7-957fed6849b0
2025/06/02 09:26:29.399103 stream_helpers.go:84: Set model stream finished successfully: ebf0331d-58ca-4757-9ce7-957fed6849b0
2025/06/02 09:27:03.313963 setup.go:57: 

Request: GET /plans/d3b58b68-f88c-4f6f-b115-aaf7810fef61/config

2025/06/02 09:27:03.314194 plan_config.go:17: Received request for GetPlanConfigHandler
2025/06/02 09:27:03.314210 auth_helpers.go:442: authenticating request
2025/06/02 09:27:03.317927 auth_helpers.go:589: UserId: 7de205bd-e851-4579-8940-4f2cbb3b21ee, Email: local-admin@plandex.ai, OrgId: 6aaef103-b1ab-4c8c-8042-c121f40001ba
2025/06/02 09:27:03.317974 plan_config.go:27: planId:  d3b58b68-f88c-4f6f-b115-aaf7810fef61
2025/06/02 09:27:03.317981 auth_helpers.go:648: authorizing plan
2025/06/02 09:27:03.319873 plan_config.go:53: GetPlanConfigHandler processed successfully
2025/06/02 09:27:03.319998 setup.go:59: 

Completed: GET /plans/d3b58b68-f88c-4f6f-b115-aaf7810fef61/config in 6.035758ms

2025/06/02 09:27:03.321378 setup.go:57: 

Request: GET /plans/d3b58b68-f88c-4f6f-b115-aaf7810fef61/main/settings

2025/06/02 09:27:03.322470 settings.go:19: Received request for GetSettingsHandler
2025/06/02 09:27:03.322681 auth_helpers.go:442: authenticating request
2025/06/02 09:27:03.327921 auth_helpers.go:589: UserId: 7de205bd-e851-4579-8940-4f2cbb3b21ee, Email: local-admin@plandex.ai, OrgId: 6aaef103-b1ab-4c8c-8042-c121f40001ba
2025/06/02 09:27:03.328009 settings.go:30: planId:  d3b58b68-f88c-4f6f-b115-aaf7810fef61 branch:  main
2025/06/02 09:27:03.328045 auth_helpers.go:648: authorizing plan
2025/06/02 09:27:03.329746 queue.go:317: [Queue] ExecRepoOperation called for plan d3b58b68-f88c-4f6f-b115-aaf7810fef61, branch main, scope r, reason get settings
2025/06/02 09:27:03.332081 locks.go:166: [Lock][639] got lockable plan id for d3b58b68-f88c-4f6f-b115-aaf7810fef61 | reason: get settings
2025/06/02 09:27:03.332802 locks.go:227: [Lock][639] 0 locks found, 0 expired | reason: get settings
2025/06/02 09:27:03.334623 locks.go:383: Lock acquired: ef0bc41d-7253-4399-a626-cc09a98cdc1d for plan d3b58b68-f88c-4f6f-b115-aaf7810fef61 with scope r | reason: get settings
2025/06/02 09:27:03.334675 git.go:603: [Git] gitRemoveIndexLockFileIfExists - repoDir: /tmp/plandex_server_data/orgs/6aaef103-b1ab-4c8c-8042-c121f40001ba/plans/d3b58b68-f88c-4f6f-b115-aaf7810fef61
2025/06/02 09:27:03.334710 locks.go:401: [Lock][Heartbeat] Will update heartbeat for d3b58b68-f88c-4f6f-b115-aaf7810fef61 | get settings | Heartbeat interval: 3s, jitter: 141.738781ms
2025/06/02 09:27:03.334788 git.go:427: [Git] gitCheckoutBranch - repoDir: /tmp/plandex_server_data/orgs/6aaef103-b1ab-4c8c-8042-c121f40001ba/plans/d3b58b68-f88c-4f6f-b115-aaf7810fef61, branch: main
2025/06/02 09:27:03.334825 git.go:603: [Git] gitRemoveIndexLockFileIfExists - repoDir: /tmp/plandex_server_data/orgs/6aaef103-b1ab-4c8c-8042-c121f40001ba/plans/d3b58b68-f88c-4f6f-b115-aaf7810fef61
2025/06/02 09:27:03.336225 git.go:443: [Git] gitCheckoutBranch - currentBranch: main
2025/06/02 09:27:03.336265 git.go:446: [Git] gitCheckoutBranch - already on branch main, skipping
2025/06/02 09:27:03.336275 locks.go:464: [Lock] d3b58b68-f88c-4f6f-b115-aaf7810fef61 | get settings | Checked out branch
2025/06/02 09:27:03.336290 queue.go:190: [Queue] Acquired DB lock ef0bc41d-7253-4399-a626-cc09a98cdc1d
2025/06/02 09:27:03.336364 settings_helpers.go:53: GetPlanSettings - settings found in file
2025/06/02 09:27:03.336560 queue.go:193: [Queue] Releasing DB lock ef0bc41d-7253-4399-a626-cc09a98cdc1d for plan d3b58b68-f88c-4f6f-b115-aaf7810fef61
2025/06/02 09:27:03.336683 settings.go:74: GetSettingsHandler processed successfully
2025/06/02 09:27:03.336866 setup.go:59: 

Completed: GET /plans/d3b58b68-f88c-4f6f-b115-aaf7810fef61/main/settings in 15.493164ms

2025/06/02 09:27:03.336950 locks.go:388: [Lock][Heartbeat] Timeout or context canceled during heartbeat loop for lock ef0bc41d-7253-4399-a626-cc09a98cdc1d for plan d3b58b68-f88c-4f6f-b115-aaf7810fef61 | reason: get settings
2025/06/02 09:27:03.340030 locks.go:501: [Lock][Delete][639] Lock released: ef0bc41d-7253-4399-a626-cc09a98cdc1d for plan d3b58b68-f88c-4f6f-b115-aaf7810fef61 | get settings
2025/06/02 09:27:03.340240 queue.go:198: [Queue] DB lock ef0bc41d-7253-4399-a626-cc09a98cdc1d released successfully
2025/06/02 09:27:03.442349 handler.go:31: traces export: parse "https://https:%2F%2Flogfire-api.pydantic.dev/v1/traces": invalid port ":%2F%2Flogfire-api.pydantic.dev" after host
2025/06/02 09:27:03.672035 setup.go:57: 

Request: GET /plans/d3b58b68-f88c-4f6f-b115-aaf7810fef61/main/context

2025/06/02 09:27:03.672181 plans_context.go:18: Received request for ListContextHandler
2025/06/02 09:27:03.672192 auth_helpers.go:442: authenticating request
2025/06/02 09:27:03.676347 auth_helpers.go:589: UserId: 7de205bd-e851-4579-8940-4f2cbb3b21ee, Email: local-admin@plandex.ai, OrgId: 6aaef103-b1ab-4c8c-8042-c121f40001ba
2025/06/02 09:27:03.676406 plans_context.go:28: planId:  d3b58b68-f88c-4f6f-b115-aaf7810fef61 branch:  main
2025/06/02 09:27:03.676416 auth_helpers.go:648: authorizing plan
2025/06/02 09:27:03.677912 queue.go:317: [Queue] ExecRepoOperation called for plan d3b58b68-f88c-4f6f-b115-aaf7810fef61, branch main, scope r, reason list contexts
2025/06/02 09:27:03.684949 locks.go:166: [Lock][658] got lockable plan id for d3b58b68-f88c-4f6f-b115-aaf7810fef61 | reason: list contexts
2025/06/02 09:27:03.685632 locks.go:227: [Lock][658] 0 locks found, 0 expired | reason: list contexts
2025/06/02 09:27:03.728367 locks.go:383: Lock acquired: a4460bd8-f51c-4695-8de8-30d1dabbd4bd for plan d3b58b68-f88c-4f6f-b115-aaf7810fef61 with scope r | reason: list contexts
2025/06/02 09:27:03.728453 git.go:603: [Git] gitRemoveIndexLockFileIfExists - repoDir: /tmp/plandex_server_data/orgs/6aaef103-b1ab-4c8c-8042-c121f40001ba/plans/d3b58b68-f88c-4f6f-b115-aaf7810fef61
2025/06/02 09:27:03.728495 git.go:427: [Git] gitCheckoutBranch - repoDir: /tmp/plandex_server_data/orgs/6aaef103-b1ab-4c8c-8042-c121f40001ba/plans/d3b58b68-f88c-4f6f-b115-aaf7810fef61, branch: main
2025/06/02 09:27:03.728501 git.go:603: [Git] gitRemoveIndexLockFileIfExists - repoDir: /tmp/plandex_server_data/orgs/6aaef103-b1ab-4c8c-8042-c121f40001ba/plans/d3b58b68-f88c-4f6f-b115-aaf7810fef61
2025/06/02 09:27:03.728502 locks.go:401: [Lock][Heartbeat] Will update heartbeat for d3b58b68-f88c-4f6f-b115-aaf7810fef61 | list contexts | Heartbeat interval: 3s, jitter: 234.195118ms
2025/06/02 09:27:03.730156 git.go:443: [Git] gitCheckoutBranch - currentBranch: main
2025/06/02 09:27:03.730255 git.go:446: [Git] gitCheckoutBranch - already on branch main, skipping
2025/06/02 09:27:03.730265 locks.go:464: [Lock] d3b58b68-f88c-4f6f-b115-aaf7810fef61 | list contexts | Checked out branch
2025/06/02 09:27:03.730280 queue.go:190: [Queue] Acquired DB lock a4460bd8-f51c-4695-8de8-30d1dabbd4bd
2025/06/02 09:27:03.731964 queue.go:193: [Queue] Releasing DB lock a4460bd8-f51c-4695-8de8-30d1dabbd4bd for plan d3b58b68-f88c-4f6f-b115-aaf7810fef61
2025/06/02 09:27:03.732929 setup.go:59: 

Completed: GET /plans/d3b58b68-f88c-4f6f-b115-aaf7810fef61/main/context in 60.893673ms

2025/06/02 09:27:03.733016 locks.go:388: [Lock][Heartbeat] Timeout or context canceled during heartbeat loop for lock a4460bd8-f51c-4695-8de8-30d1dabbd4bd for plan d3b58b68-f88c-4f6f-b115-aaf7810fef61 | reason: list contexts
2025/06/02 09:27:03.733088 locks.go:501: [Lock][Delete][658] Lock released: a4460bd8-f51c-4695-8de8-30d1dabbd4bd for plan d3b58b68-f88c-4f6f-b115-aaf7810fef61 | list contexts
2025/06/02 09:27:03.733135 queue.go:198: [Queue] DB lock a4460bd8-f51c-4695-8de8-30d1dabbd4bd released successfully
2025/06/02 09:27:04.105337 setup.go:57: 

Request: POST /file_map

2025/06/02 09:27:04.105466 file_maps.go:17: Received request for GetFileMapHandler
2025/06/02 09:27:04.105476 auth_helpers.go:442: authenticating request
2025/06/02 09:27:04.108911 auth_helpers.go:589: UserId: 7de205bd-e851-4579-8940-4f2cbb3b21ee, Email: local-admin@plandex.ai, OrgId: 6aaef103-b1ab-4c8c-8042-c121f40001ba
2025/06/02 09:27:04.109006 file_maps.go:31: GetFileMapHandler: checking limits
2025/06/02 09:27:04.109019 file_maps_queue.go:71: queueProjectMapJob: len(projectMapQueue): 0
2025/06/02 09:27:04.109036 file_maps_queue.go:85: mapWorker: len(job.inputs): 1
2025/06/02 09:27:04.109093 file_maps.go:99: GetFileMapHandler success - writing response bytes: 90
2025/06/02 09:27:04.109161 setup.go:59: 

Completed: POST /file_map in 3.823533ms

2025/06/02 09:27:04.109599 setup.go:57: 

Request: GET /plans/d3b58b68-f88c-4f6f-b115-aaf7810fef61/main/current_plan

2025/06/02 09:27:04.109685 plans_changes.go:20: Received request for CurrentPlanHandler
2025/06/02 09:27:04.109694 auth_helpers.go:442: authenticating request
2025/06/02 09:27:04.111859 auth_helpers.go:589: UserId: 7de205bd-e851-4579-8940-4f2cbb3b21ee, Email: local-admin@plandex.ai, OrgId: 6aaef103-b1ab-4c8c-8042-c121f40001ba
2025/06/02 09:27:04.111907 plans_changes.go:32: planId:  d3b58b68-f88c-4f6f-b115-aaf7810fef61 branch:  main sha:  
2025/06/02 09:27:04.111915 auth_helpers.go:648: authorizing plan
2025/06/02 09:27:04.213711 plans_changes.go:46: locking with scope: r
2025/06/02 09:27:04.213819 queue.go:317: [Queue] ExecRepoOperation called for plan d3b58b68-f88c-4f6f-b115-aaf7810fef61, branch main, scope r, reason get current plan state
2025/06/02 09:27:04.218362 locks.go:166: [Lock][645] got lockable plan id for d3b58b68-f88c-4f6f-b115-aaf7810fef61 | reason: get current plan state
2025/06/02 09:27:04.219616 locks.go:227: [Lock][645] 0 locks found, 0 expired | reason: get current plan state
2025/06/02 09:27:04.262763 locks.go:383: Lock acquired: b6547e7d-e932-4882-a9b8-c77170ac2891 for plan d3b58b68-f88c-4f6f-b115-aaf7810fef61 with scope r | reason: get current plan state
2025/06/02 09:27:04.262898 git.go:603: [Git] gitRemoveIndexLockFileIfExists - repoDir: /tmp/plandex_server_data/orgs/6aaef103-b1ab-4c8c-8042-c121f40001ba/plans/d3b58b68-f88c-4f6f-b115-aaf7810fef61
2025/06/02 09:27:04.262971 locks.go:401: [Lock][Heartbeat] Will update heartbeat for d3b58b68-f88c-4f6f-b115-aaf7810fef61 | get current plan state | Heartbeat interval: 3s, jitter: 92.384423ms
2025/06/02 09:27:04.263012 git.go:427: [Git] gitCheckoutBranch - repoDir: /tmp/plandex_server_data/orgs/6aaef103-b1ab-4c8c-8042-c121f40001ba/plans/d3b58b68-f88c-4f6f-b115-aaf7810fef61, branch: main
2025/06/02 09:27:04.263024 git.go:603: [Git] gitRemoveIndexLockFileIfExists - repoDir: /tmp/plandex_server_data/orgs/6aaef103-b1ab-4c8c-8042-c121f40001ba/plans/d3b58b68-f88c-4f6f-b115-aaf7810fef61
2025/06/02 09:27:04.266433 git.go:443: [Git] gitCheckoutBranch - currentBranch: main
2025/06/02 09:27:04.266529 git.go:446: [Git] gitCheckoutBranch - already on branch main, skipping
2025/06/02 09:27:04.266547 locks.go:464: [Lock] d3b58b68-f88c-4f6f-b115-aaf7810fef61 | get current plan state | Checked out branch
2025/06/02 09:27:04.266575 queue.go:190: [Queue] Acquired DB lock b6547e7d-e932-4882-a9b8-c77170ac2891
2025/06/02 09:27:04.269638 result_helpers.go:173: Got contexts: 1
2025/06/02 09:27:04.269717 queue.go:193: [Queue] Releasing DB lock b6547e7d-e932-4882-a9b8-c77170ac2891 for plan d3b58b68-f88c-4f6f-b115-aaf7810fef61
2025/06/02 09:27:04.271037 locks.go:501: [Lock][Delete][645] Lock released: b6547e7d-e932-4882-a9b8-c77170ac2891 for plan d3b58b68-f88c-4f6f-b115-aaf7810fef61 | get current plan state
2025/06/02 09:27:04.271098 queue.go:198: [Queue] DB lock b6547e7d-e932-4882-a9b8-c77170ac2891 released successfully
2025/06/02 09:27:04.271453 plans_changes.go:101: Successfully retrieved current plan state
2025/06/02 09:27:04.271717 setup.go:59: 

Completed: GET /plans/d3b58b68-f88c-4f6f-b115-aaf7810fef61/main/current_plan in 162.117375ms

2025/06/02 09:27:04.271816 locks.go:388: [Lock][Heartbeat] Timeout or context canceled during heartbeat loop for lock b6547e7d-e932-4882-a9b8-c77170ac2891 for plan d3b58b68-f88c-4f6f-b115-aaf7810fef61 | reason: get current plan state
2025/06/02 09:27:04.277370 setup.go:57: 

Request: PUT /plans/d3b58b68-f88c-4f6f-b115-aaf7810fef61/main/context

2025/06/02 09:27:04.277610 plans_context.go:215: Received request for UpdateContextHandler
2025/06/02 09:27:04.277634 auth_helpers.go:442: authenticating request
2025/06/02 09:27:04.282553 auth_helpers.go:589: UserId: 7de205bd-e851-4579-8940-4f2cbb3b21ee, Email: local-admin@plandex.ai, OrgId: 6aaef103-b1ab-4c8c-8042-c121f40001ba
2025/06/02 09:27:04.282617 plans_context.go:225: planId:  d3b58b68-f88c-4f6f-b115-aaf7810fef61
2025/06/02 09:27:04.282629 auth_helpers.go:648: authorizing plan
2025/06/02 09:27:04.284184 queue.go:317: [Queue] ExecRepoOperation called for plan d3b58b68-f88c-4f6f-b115-aaf7810fef61, branch main, scope w, reason update contexts
2025/06/02 09:27:04.286822 locks.go:166: [Lock][666] got lockable plan id for d3b58b68-f88c-4f6f-b115-aaf7810fef61 | reason: update contexts
2025/06/02 09:27:04.287852 locks.go:227: [Lock][666] 0 locks found, 0 expired | reason: update contexts
2025/06/02 09:27:04.290119 locks.go:383: Lock acquired: 670c5881-172a-4fa1-b759-6d2919032750 for plan d3b58b68-f88c-4f6f-b115-aaf7810fef61 with scope w | reason: update contexts
2025/06/02 09:27:04.290177 git.go:603: [Git] gitRemoveIndexLockFileIfExists - repoDir: /tmp/plandex_server_data/orgs/6aaef103-b1ab-4c8c-8042-c121f40001ba/plans/d3b58b68-f88c-4f6f-b115-aaf7810fef61
2025/06/02 09:27:04.290223 locks.go:401: [Lock][Heartbeat] Will update heartbeat for d3b58b68-f88c-4f6f-b115-aaf7810fef61 | update contexts | Heartbeat interval: 3s, jitter: 116.847579ms
2025/06/02 09:27:04.290295 git.go:427: [Git] gitCheckoutBranch - repoDir: /tmp/plandex_server_data/orgs/6aaef103-b1ab-4c8c-8042-c121f40001ba/plans/d3b58b68-f88c-4f6f-b115-aaf7810fef61, branch: main
2025/06/02 09:27:04.290321 git.go:603: [Git] gitRemoveIndexLockFileIfExists - repoDir: /tmp/plandex_server_data/orgs/6aaef103-b1ab-4c8c-8042-c121f40001ba/plans/d3b58b68-f88c-4f6f-b115-aaf7810fef61
2025/06/02 09:27:04.292643 git.go:443: [Git] gitCheckoutBranch - currentBranch: main
2025/06/02 09:27:04.292705 git.go:446: [Git] gitCheckoutBranch - already on branch main, skipping
2025/06/02 09:27:04.292716 locks.go:464: [Lock] d3b58b68-f88c-4f6f-b115-aaf7810fef61 | update contexts | Checked out branch
2025/06/02 09:27:04.292731 queue.go:190: [Queue] Acquired DB lock 670c5881-172a-4fa1-b759-6d2919032750
2025/06/02 09:27:04.294197 settings_helpers.go:53: GetPlanSettings - settings found in file
2025/06/02 09:27:04.300501 result_helpers.go:173: Got contexts: 1
2025/06/02 09:27:04.377163 context_helpers_store.go:89: StoreContext - context.MapParts length 455
2025/06/02 09:27:04.377278 context_helpers_store.go:104: StoreContext - mapCachePath /tmp/plandex_server_data/orgs/6aaef103-b1ab-4c8c-8042-c121f40001ba/projects/937532f3-b441-4fca-a384-61b11b163b48/map_cache/5058f1af8388633f609cadb75a75dc9d.json
2025/06/02 09:27:04.384727 git.go:66: [Git] GitAddAndCommit - orgId: 6aaef103-b1ab-4c8c-8042-c121f40001ba, planId: d3b58b68-f88c-4f6f-b115-aaf7810fef61, branch: main, message: Updated 1 map in context | added → 0 🪙 | total → 41279 🪙

+---------+------+----+
|  NAME   | TYPE | 🪙 |
+---------+------+----+
| [92;1m 🗺️  cwd[0m | [92mmap[0m  | [92m+0[0m |
+---------+------+----+
2025/06/02 09:27:04.384785 git.go:647: [Git] gitWriteOperation - label: GitAddAndCommit > gitAdd: plan=d3b58b68-f88c-4f6f-b115-aaf7810fef61 branch=main
2025/06/02 09:27:04.384794 git.go:603: [Git] gitRemoveIndexLockFileIfExists - repoDir: /tmp/plandex_server_data/orgs/6aaef103-b1ab-4c8c-8042-c121f40001ba/plans/d3b58b68-f88c-4f6f-b115-aaf7810fef61
2025/06/02 09:27:04.393669 git.go:647: [Git] gitWriteOperation - label: GitAddAndCommit > gitCommit: plan=d3b58b68-f88c-4f6f-b115-aaf7810fef61 branch=main
2025/06/02 09:27:04.393718 git.go:603: [Git] gitRemoveIndexLockFileIfExists - repoDir: /tmp/plandex_server_data/orgs/6aaef103-b1ab-4c8c-8042-c121f40001ba/plans/d3b58b68-f88c-4f6f-b115-aaf7810fef61
2025/06/02 09:27:04.404298 queue.go:193: [Queue] Releasing DB lock 670c5881-172a-4fa1-b759-6d2919032750 for plan d3b58b68-f88c-4f6f-b115-aaf7810fef61
2025/06/02 09:27:04.404384 plans_context.go:315: Successfully processed UpdateContextHandler request
2025/06/02 09:27:04.404477 setup.go:59: 

Completed: PUT /plans/d3b58b68-f88c-4f6f-b115-aaf7810fef61/main/context in 127.107107ms

2025/06/02 09:27:04.404587 locks.go:388: [Lock][Heartbeat] Timeout or context canceled during heartbeat loop for lock 670c5881-172a-4fa1-b759-6d2919032750 for plan d3b58b68-f88c-4f6f-b115-aaf7810fef61 | reason: update contexts
2025/06/02 09:27:04.405445 locks.go:501: [Lock][Delete][666] Lock released: 670c5881-172a-4fa1-b759-6d2919032750 for plan d3b58b68-f88c-4f6f-b115-aaf7810fef61 | update contexts
2025/06/02 09:27:04.405495 queue.go:198: [Queue] DB lock 670c5881-172a-4fa1-b759-6d2919032750 released successfully
2025/06/02 09:27:04.809284 setup.go:57: 

Request: POST /plans/d3b58b68-f88c-4f6f-b115-aaf7810fef61/main/tell

2025/06/02 09:27:04.809423 plans_exec.go:24: Received request for TellPlanHandler ip: localhost
2025/06/02 09:27:04.809433 auth_helpers.go:442: authenticating request
2025/06/02 09:27:04.812818 auth_helpers.go:589: UserId: 7de205bd-e851-4579-8940-4f2cbb3b21ee, Email: local-admin@plandex.ai, OrgId: 6aaef103-b1ab-4c8c-8042-c121f40001ba
2025/06/02 09:27:04.812891 plans_exec.go:35: planId:  d3b58b68-f88c-4f6f-b115-aaf7810fef61
2025/06/02 09:27:04.812901 auth_helpers.go:648: authorizing plan
2025/06/02 09:27:04.814749 settings_helpers.go:53: GetPlanSettings - settings found in file
2025/06/02 09:27:04.814937 tell_exec.go:45: Tell: Called with plan ID d3b58b68-f88c-4f6f-b115-aaf7810fef61 on branch main (TraceID: b29159c78fab627a017383678b1aedbc)
2025/06/02 09:27:04.814970 activate.go:25: Activate plan: plan ID d3b58b68-f88c-4f6f-b115-aaf7810fef61 on branch main
2025/06/02 09:27:04.814979 activate.go:28: Waiting 100ms before checking for active plan
2025/06/02 09:27:04.915770 activate.go:30: Done waiting, checking for active plan
2025/06/02 09:27:04.961443 activate.go:79: Tell: Model stream stored with ID ce8dd60e-3150-4587-b96c-1025c7d6261a for plan ID d3b58b68-f88c-4f6f-b115-aaf7810fef61 on branch main
2025/06/02 09:27:04.961749 activate.go:80: Model stream id: ce8dd60e-3150-4587-b96c-1025c7d6261a
2025/06/02 09:27:04.961773 tell_exec.go:76: Tell: Tell operation completed successfully for plan ID d3b58b68-f88c-4f6f-b115-aaf7810fef61 on branch main (TraceID: b29159c78fab627a017383678b1aedbc)
2025/06/02 09:27:04.961876 stream_helper.go:20: Response stream manager: starting plan stream
2025/06/02 09:27:04.962054 stream_helper.go:45: Response stream manager: sending initial message
2025/06/02 09:27:04.962493 tell_exec.go:107: [TellExec] Starting iteration 0 for plan d3b58b68-f88c-4f6f-b115-aaf7810fef61 on branch main (TraceID: b29159c78fab627a017383678b1aedbc)
2025/06/02 09:27:04.962540 tell_exec.go:127: [TellExec] Starting iteration 0 for plan d3b58b68-f88c-4f6f-b115-aaf7810fef61 on branch main
2025/06/02 09:27:04.962555 tell_exec.go:154: Executing WillExecPlanHook
2025/06/02 09:27:04.962562 tell_exec.go:168: execTellPlan - Setting plan status to replying
2025/06/02 09:27:04.962597 state.go:140: Subscribing to plan d3b58b68-f88c-4f6f-b115-aaf7810fef61
2025/06/02 09:27:04.967318 tell_exec.go:183: execTellPlan - Plan status set to replying
2025/06/02 09:27:04.967373 tell_exec.go:198: execTellPlan - Loading tell plan
2025/06/02 09:27:04.967389 tell_load.go:50: [TellLoad] Tell plan - loadTellPlan - iteration: 0, missingFileResponse: , req.IsUserContinue: false, lockScope: w
2025/06/02 09:27:04.967409 queue.go:317: [Queue] ExecRepoOperation called for plan d3b58b68-f88c-4f6f-b115-aaf7810fef61, branch main, scope w, reason load tell plan
2025/06/02 09:27:04.975173 locks.go:166: [Lock][619] got lockable plan id for d3b58b68-f88c-4f6f-b115-aaf7810fef61 | reason: load tell plan
2025/06/02 09:27:04.976331 locks.go:227: [Lock][619] 0 locks found, 0 expired | reason: load tell plan
2025/06/02 09:27:04.980781 locks.go:383: Lock acquired: 01912dac-8710-47fb-8ed1-f8c69ce61c0c for plan d3b58b68-f88c-4f6f-b115-aaf7810fef61 with scope w | reason: load tell plan
2025/06/02 09:27:04.980856 git.go:603: [Git] gitRemoveIndexLockFileIfExists - repoDir: /tmp/plandex_server_data/orgs/6aaef103-b1ab-4c8c-8042-c121f40001ba/plans/d3b58b68-f88c-4f6f-b115-aaf7810fef61
2025/06/02 09:27:04.980917 git.go:427: [Git] gitCheckoutBranch - repoDir: /tmp/plandex_server_data/orgs/6aaef103-b1ab-4c8c-8042-c121f40001ba/plans/d3b58b68-f88c-4f6f-b115-aaf7810fef61, branch: main
2025/06/02 09:27:04.980924 git.go:603: [Git] gitRemoveIndexLockFileIfExists - repoDir: /tmp/plandex_server_data/orgs/6aaef103-b1ab-4c8c-8042-c121f40001ba/plans/d3b58b68-f88c-4f6f-b115-aaf7810fef61
2025/06/02 09:27:04.980938 locks.go:401: [Lock][Heartbeat] Will update heartbeat for d3b58b68-f88c-4f6f-b115-aaf7810fef61 | load tell plan | Heartbeat interval: 3s, jitter: 260.003033ms
2025/06/02 09:27:04.982709 git.go:443: [Git] gitCheckoutBranch - currentBranch: main
2025/06/02 09:27:04.982745 git.go:446: [Git] gitCheckoutBranch - already on branch main, skipping
2025/06/02 09:27:04.982753 locks.go:464: [Lock] d3b58b68-f88c-4f6f-b115-aaf7810fef61 | load tell plan | Checked out branch
2025/06/02 09:27:04.982774 queue.go:190: [Queue] Acquired DB lock 01912dac-8710-47fb-8ed1-f8c69ce61c0c
2025/06/02 09:27:04.982897 settings_helpers.go:53: GetPlanSettings - settings found in file
2025/06/02 09:27:04.983150 tell_load.go:203: getting plan summaries
2025/06/02 09:27:04.983180 tell_load.go:204: convoMessageIds: [26ab7763-bede-4e98-9a47-8cdb7e0387c0 7f4df982-3100-430f-bab3-b1a9bfad08ba]
2025/06/02 09:27:04.983193 tell_load.go:160: [TellLoad] storing user message | len(convo): 2 | num: 3
2025/06/02 09:27:04.983219 tell_load.go:177: [TellLoad] storing user message
2025/06/02 09:27:04.983469 model_request.go:82: Model config - role: names, model: gemini-2.5-pro, max output tokens: 8192
2025/06/02 09:27:04.983523 client_stream.go:267: withStreamingRetries - will run operation
2025/06/02 09:27:04.983567 client_stream.go:105: processChatCompletionStream - modelConfig (map[string]interface {}) (len=2) {
 (string) (len=5) "model": (shared.ModelName) (len=14) "gemini-2.5-pro",
 (string) (len=8) "provider": (shared.ModelProvider) (len=6) "custom"
}

2025/06/02 09:27:04.983594 client.go:195: LLM API call starting - Model: gemini-2.5-pro, Provider: custom (TraceID: 6ae5cf26cb7d0035ed18f727407d019f)
2025/06/02 09:27:04.984396 tell_load.go:130: [TellLoad] Tell plan - loadTellPlan - modelContext: 0
2025/06/02 09:27:04.985465 convo_helpers.go:163: StoreConvoMessage - message.Flags.CurrentStage.TellStage: 
2025/06/02 09:27:04.985505 convo_helpers.go:164: StoreConvoMessage - message.Subtask: <nil>
2025/06/02 09:27:04.985517 convo_helpers.go:188: [Git] StoreConvoMessage - committing convo message: Message #3 | 💬 User prompt | 1 🪙, branch: main
2025/06/02 09:27:04.985524 git.go:66: [Git] GitAddAndCommit - orgId: 6aaef103-b1ab-4c8c-8042-c121f40001ba, planId: d3b58b68-f88c-4f6f-b115-aaf7810fef61, branch: main, message: Message #3 | 💬 User prompt | 1 🪙
2025/06/02 09:27:04.985535 git.go:647: [Git] gitWriteOperation - label: GitAddAndCommit > gitAdd: plan=d3b58b68-f88c-4f6f-b115-aaf7810fef61 branch=main
2025/06/02 09:27:04.985542 git.go:603: [Git] gitRemoveIndexLockFileIfExists - repoDir: /tmp/plandex_server_data/orgs/6aaef103-b1ab-4c8c-8042-c121f40001ba/plans/d3b58b68-f88c-4f6f-b115-aaf7810fef61
2025/06/02 09:27:04.985463 tell_load.go:214: got 0 plan summaries
2025/06/02 09:27:04.989672 git.go:647: [Git] gitWriteOperation - label: GitAddAndCommit > gitCommit: plan=d3b58b68-f88c-4f6f-b115-aaf7810fef61 branch=main
2025/06/02 09:27:04.989722 git.go:603: [Git] gitRemoveIndexLockFileIfExists - repoDir: /tmp/plandex_server_data/orgs/6aaef103-b1ab-4c8c-8042-c121f40001ba/plans/d3b58b68-f88c-4f6f-b115-aaf7810fef61
2025/06/02 09:27:05.188199 client_stream.go:274: withStreamingRetries - operation returned error: error creating chat completion stream: status code: 400, body: {"error":{"message":"{\"error\":{\"message\":\"Request contains only system messages. Gemini requires at least one non-system message.\",\"code\":\"invalid_request_body\"}}\n","type":"error"}}
2025/06/02 09:27:05.188258 client_stream.go:287: Error in streaming operation: error creating chat completion stream: status code: 400, body: {"error":{"message":"{\"error\":{\"message\":\"Request contains only system messages. Gemini requires at least one non-system message.\",\"code\":\"invalid_request_body\"}}\n","type":"error"}}, isFallback: false, numTotalRetry: 0, numFallbackRetry: 0, numRetry: 0, compareRetries: 0, maxRetries: 2
2025/06/02 09:27:05.188272 model_error.go:39: Classifying error message: error creating chat completion stream: status code: 400, body: {"error":{"message":"{\"error\":{\"message\":\"Request contains only system messages. Gemini requires at least one non-system message.\",\"code\":\"invalid_request_body\"}}\n","type":"error"}}
2025/06/02 09:27:05.188288 model_error.go:85: No error classification based on message
2025/06/02 09:27:05.188306 client_stream.go:332: withStreamingRetries - retrying stream in 1.037s seconds
2025/06/02 09:27:05.494587 client_stream.go:267: withStreamingRetries - will run operation
2025/06/02 09:27:05.494739 client_stream.go:105: processChatCompletionStream - modelConfig (map[string]interface {}) (len=2) {
 (string) (len=5) "model": (shared.ModelName) (len=14) "gemini-2.5-pro",
 (string) (len=8) "provider": (shared.ModelProvider) (len=6) "custom"
}

2025/06/02 09:27:05.494776 client.go:195: LLM API call starting - Model: gemini-2.5-pro, Provider: custom (TraceID: 74107d4e575a31c419b9adc8c9c0adce)
2025/06/02 09:27:05.638586 client_stream.go:274: withStreamingRetries - operation returned error: error creating chat completion stream: status code: 429, body: {"error":{"message":"too many concurrent vision requests. Please try again later\n","type":"error"}}
2025/06/02 09:27:05.638634 client_stream.go:287: Error in streaming operation: error creating chat completion stream: status code: 429, body: {"error":{"message":"too many concurrent vision requests. Please try again later\n","type":"error"}}, isFallback: false, numTotalRetry: 1, numFallbackRetry: 0, numRetry: 1, compareRetries: 1, maxRetries: 2
2025/06/02 09:27:05.638728 model_error.go:39: Classifying error message: error creating chat completion stream: status code: 429, body: {"error":{"message":"too many concurrent vision requests. Please try again later\n","type":"error"}}
2025/06/02 09:27:05.638743 model_error.go:85: No error classification based on message
2025/06/02 09:27:05.638755 client_stream.go:332: withStreamingRetries - retrying stream in 1.055s seconds
2025/06/02 09:27:06.694212 client_stream.go:267: withStreamingRetries - will run operation
2025/06/02 09:27:06.694333 client_stream.go:105: processChatCompletionStream - modelConfig (map[string]interface {}) (len=2) {
 (string) (len=5) "model": (shared.ModelName) (len=14) "gemini-2.5-pro",
 (string) (len=8) "provider": (shared.ModelProvider) (len=6) "custom"
}

2025/06/02 09:27:06.694371 client.go:195: LLM API call starting - Model: gemini-2.5-pro, Provider: custom (TraceID: e40a8cc9ffa441c11d1bd58fdd2f864c)
2025/06/02 09:27:06.832885 client_stream.go:274: withStreamingRetries - operation returned error: error creating chat completion stream: status code: 429, body: {"error":{"message":"too many concurrent vision requests. Please try again later\n","type":"error"}}
2025/06/02 09:27:06.832946 client_stream.go:287: Error in streaming operation: error creating chat completion stream: status code: 429, body: {"error":{"message":"too many concurrent vision requests. Please try again later\n","type":"error"}}, isFallback: false, numTotalRetry: 2, numFallbackRetry: 0, numRetry: 2, compareRetries: 2, maxRetries: 2
2025/06/02 09:27:06.832956 model_error.go:39: Classifying error message: error creating chat completion stream: status code: 429, body: {"error":{"message":"too many concurrent vision requests. Please try again later\n","type":"error"}}
2025/06/02 09:27:06.832969 model_error.go:85: No error classification based on message
2025/06/02 09:27:06.832979 client_stream.go:319: withStreamingRetries - compareRetries >= maxRetries - returning error
Error during plan name model call: error creating chat completion stream: status code: 429, body: {"error":{"message":"too many concurrent vision requests. Please try again later\n","type":"error"}}
2025/06/02 09:27:06.832990 tell_load.go:86: Error generating plan name: error creating chat completion stream: status code: 429, body: {"error":{"message":"too many concurrent vision requests. Please try again later\n","type":"error"}}
2025/06/02 09:27:06.833054 queue.go:193: [Queue] Releasing DB lock 01912dac-8710-47fb-8ed1-f8c69ce61c0c for plan d3b58b68-f88c-4f6f-b115-aaf7810fef61
2025/06/02 09:27:06.833087 state.go:44: case apiErr := <-activePlan.StreamDoneCh: d3b58b68-f88c-4f6f-b115-aaf7810fef61
2025/06/02 09:27:06.833108 tell_load.go:279: execTellPlan: error loading tell plan: error generating plan name: error creating chat completion stream: status code: 429, body: {"error":{"message":"too many concurrent vision requests. Please try again later\n","type":"error"}}
2025/06/02 09:27:06.833120 state.go:45: apiErr: 500 Error: Error loading plan: error generating plan name: error creating chat completion stream: status code: 429, body: {"error":{"message":"too many concurrent vision requests. Please try again later\n","type":"error"}}
2025/06/02 09:27:06.833158 state.go:61: Error streaming plan d3b58b68-f88c-4f6f-b115-aaf7810fef61: 500 Error: Error loading plan: error generating plan name: error creating chat completion stream: status code: 429, body: {"error":{"message":"too many concurrent vision requests. Please try again later\n","type":"error"}}
2025/06/02 09:27:06.834141 locks.go:501: [Lock][Delete][619] Lock released: 01912dac-8710-47fb-8ed1-f8c69ce61c0c for plan d3b58b68-f88c-4f6f-b115-aaf7810fef61 | load tell plan
2025/06/02 09:27:06.834212 queue.go:198: [Queue] DB lock 01912dac-8710-47fb-8ed1-f8c69ce61c0c released successfully
2025/06/02 09:27:06.869642 state.go:68: Sending error message to client
2025/06/02 09:27:06.869705 active_plan.go:198: ActivePlan.Stream: skipping buffer for special message
2025/06/02 09:27:06.869770 active_plan.go:199: (shared.StreamMessage) {
 Type: (shared.StreamMessageType) (len=5) "error",
 ReplyChunk: (string) "",
 BuildInfo: (*shared.BuildInfo)(<nil>),
 Description: (*shared.ConvoMessageDescription)(<nil>),
 Error: (*shared.ApiError)(0xc000058600)(500 Error: Error loading plan: error generating plan name: error creating chat completion stream: status code: 429, body: {"error":{"message":"too many concurrent vision requests. Please try again later\n","type":"error"}}),
 MissingFilePath: (string) "",
 MissingFileAutoContext: (bool) false,
 ModelStreamId: (string) "",
 LoadContextFiles: ([]string) <nil>,
 InitPrompt: (string) "",
 InitReplies: ([]string) <nil>,
 InitBuildOnly: (bool) false,
 StreamMessages: ([]shared.StreamMessage) <nil>
}

2025/06/02 09:27:06.869812 state.go:75: Stopping any active summary stream
2025/06/02 09:27:06.869825 state.go:78: Waiting 100ms after streaming error before canceling active plan
2025/06/02 09:27:06.870212 stream_helper.go:94: Response stream manager: request context done
2025/06/02 09:27:06.870262 stream_helper.go:64: Response stream manager: client stream closed
2025/06/02 09:27:06.870271 state.go:157: UnsubscribePlan d3b58b68-f88c-4f6f-b115-aaf7810fef61 - main - cbdef566-bf65-4af8-8017-bc81129f49b4
2025/06/02 09:27:06.870303 state.go:168: Unsubscribed from plan d3b58b68-f88c-4f6f-b115-aaf7810fef61 - main - cbdef566-bf65-4af8-8017-bc81129f49b4
2025/06/02 09:27:06.870312 plans_exec.go:97: Successfully processed request for TellPlanHandler
2025/06/02 09:27:06.870325 plans_exec.go:50: Closing request body
2025/06/02 09:27:06.870370 setup.go:59: 

Completed: POST /plans/d3b58b68-f88c-4f6f-b115-aaf7810fef61/main/tell in 2.792087249s

2025/06/02 09:27:06.970821 state.go:83: Cancelling active plan
2025/06/02 09:27:06.970908 state.go:96: Deleting active plan d3b58b68-f88c-4f6f-b115-aaf7810fef61 - main - 6aaef103-b1ab-4c8c-8042-c121f40001ba
2025/06/02 09:27:06.970931 state.go:107: Clearing uncommitted changes for plan d3b58b68-f88c-4f6f-b115-aaf7810fef61 - main - 6aaef103-b1ab-4c8c-8042-c121f40001ba
2025/06/02 09:27:06.970942 queue.go:317: [Queue] ExecRepoOperation called for plan d3b58b68-f88c-4f6f-b115-aaf7810fef61, branch main, scope w, reason delete active plan
2025/06/02 09:27:06.970932 active_plan.go:136: ActivePlan stream manager returned
2025/06/02 09:27:06.971010 locks.go:388: [Lock][Heartbeat] Timeout or context canceled during heartbeat loop for lock 01912dac-8710-47fb-8ed1-f8c69ce61c0c for plan d3b58b68-f88c-4f6f-b115-aaf7810fef61 | reason: load tell plan
2025/06/02 09:27:06.974636 locks.go:166: [Lock][673] got lockable plan id for d3b58b68-f88c-4f6f-b115-aaf7810fef61 | reason: delete active plan
2025/06/02 09:27:06.975513 locks.go:227: [Lock][673] 0 locks found, 0 expired | reason: delete active plan
2025/06/02 09:27:06.980782 locks.go:383: Lock acquired: 4cda2910-7474-4090-b1e9-0c8567340b29 for plan d3b58b68-f88c-4f6f-b115-aaf7810fef61 with scope w | reason: delete active plan
2025/06/02 09:27:06.980886 git.go:603: [Git] gitRemoveIndexLockFileIfExists - repoDir: /tmp/plandex_server_data/orgs/6aaef103-b1ab-4c8c-8042-c121f40001ba/plans/d3b58b68-f88c-4f6f-b115-aaf7810fef61
2025/06/02 09:27:06.980946 locks.go:401: [Lock][Heartbeat] Will update heartbeat for d3b58b68-f88c-4f6f-b115-aaf7810fef61 | delete active plan | Heartbeat interval: 3s, jitter: 283.431448ms
2025/06/02 09:27:06.980994 git.go:427: [Git] gitCheckoutBranch - repoDir: /tmp/plandex_server_data/orgs/6aaef103-b1ab-4c8c-8042-c121f40001ba/plans/d3b58b68-f88c-4f6f-b115-aaf7810fef61, branch: main
2025/06/02 09:27:06.981036 git.go:603: [Git] gitRemoveIndexLockFileIfExists - repoDir: /tmp/plandex_server_data/orgs/6aaef103-b1ab-4c8c-8042-c121f40001ba/plans/d3b58b68-f88c-4f6f-b115-aaf7810fef61
2025/06/02 09:27:06.983241 git.go:443: [Git] gitCheckoutBranch - currentBranch: main
2025/06/02 09:27:06.983304 git.go:446: [Git] gitCheckoutBranch - already on branch main, skipping
2025/06/02 09:27:06.983314 locks.go:464: [Lock] d3b58b68-f88c-4f6f-b115-aaf7810fef61 | delete active plan | Checked out branch
2025/06/02 09:27:06.983331 queue.go:190: [Queue] Acquired DB lock 4cda2910-7474-4090-b1e9-0c8567340b29
2025/06/02 09:27:06.983363 state.go:119: Starting clear uncommitted changes for plan d3b58b68-f88c-4f6f-b115-aaf7810fef61 - main - 6aaef103-b1ab-4c8c-8042-c121f40001ba
2025/06/02 09:27:06.983382 git.go:335: [Git] GitClearUncommittedChanges - orgId: 6aaef103-b1ab-4c8c-8042-c121f40001ba, planId: d3b58b68-f88c-4f6f-b115-aaf7810fef61, branch: main
2025/06/02 09:27:06.988682 git.go:647: [Git] gitWriteOperation - label: GitClearUncommittedChanges > gitReset: plan=d3b58b68-f88c-4f6f-b115-aaf7810fef61
2025/06/02 09:27:06.988728 git.go:356: [Git] GitClearUncommittedChanges - resetting staged changes for plan d3b58b68-f88c-4f6f-b115-aaf7810fef61
2025/06/02 09:27:06.998208 git.go:361: [Git] GitClearUncommittedChanges - reset staged changes finished for plan d3b58b68-f88c-4f6f-b115-aaf7810fef61
2025/06/02 09:27:06.998277 git.go:647: [Git] gitWriteOperation - label: GitClearUncommittedChanges > gitClean: plan=d3b58b68-f88c-4f6f-b115-aaf7810fef61
2025/06/02 09:27:06.998286 git.go:371: [Git] GitClearUncommittedChanges - cleaning untracked files for plan d3b58b68-f88c-4f6f-b115-aaf7810fef61
2025/06/02 09:27:07.001176 git.go:376: [Git] GitClearUncommittedChanges - clean untracked files finished for plan d3b58b68-f88c-4f6f-b115-aaf7810fef61
2025/06/02 09:27:07.001252 state.go:121: Finished clear uncommitted changes for plan d3b58b68-f88c-4f6f-b115-aaf7810fef61 - main - 6aaef103-b1ab-4c8c-8042-c121f40001ba
2025/06/02 09:27:07.001267 state.go:122: Error: <nil>
2025/06/02 09:27:07.001310 queue.go:193: [Queue] Releasing DB lock 4cda2910-7474-4090-b1e9-0c8567340b29 for plan d3b58b68-f88c-4f6f-b115-aaf7810fef61
2025/06/02 09:27:07.001338 state.go:132: Deleted active plan d3b58b68-f88c-4f6f-b115-aaf7810fef61 - main - 6aaef103-b1ab-4c8c-8042-c121f40001ba
2025/06/02 09:27:07.001413 locks.go:388: [Lock][Heartbeat] Timeout or context canceled during heartbeat loop for lock 4cda2910-7474-4090-b1e9-0c8567340b29 for plan d3b58b68-f88c-4f6f-b115-aaf7810fef61 | reason: delete active plan
2025/06/02 09:27:07.002387 locks.go:501: [Lock][Delete][673] Lock released: 4cda2910-7474-4090-b1e9-0c8567340b29 for plan d3b58b68-f88c-4f6f-b115-aaf7810fef61 | delete active plan
2025/06/02 09:27:07.002450 queue.go:198: [Queue] DB lock 4cda2910-7474-4090-b1e9-0c8567340b29 released successfully
2025/06/02 09:27:07.244442 stream_helpers.go:76: Setting model stream finished: ce8dd60e-3150-4587-b96c-1025c7d6261a
2025/06/02 09:27:07.247015 stream_helpers.go:84: Set model stream finished successfully: ce8dd60e-3150-4587-b96c-1025c7d6261a
2025/06/02 09:27:07.712287 handler.go:31: traces export: parse "https://https:%2F%2Flogfire-api.pydantic.dev/v1/traces": invalid port ":%2F%2Flogfire-api.pydantic.dev" after host
2025/06/02 09:27:12.459679 setup.go:57: 

Request: GET /plans/d3b58b68-f88c-4f6f-b115-aaf7810fef61/config

2025/06/02 09:27:12.460553 plan_config.go:17: Received request for GetPlanConfigHandler
2025/06/02 09:27:12.460638 auth_helpers.go:442: authenticating request
2025/06/02 09:27:12.465821 auth_helpers.go:589: UserId: 7de205bd-e851-4579-8940-4f2cbb3b21ee, Email: local-admin@plandex.ai, OrgId: 6aaef103-b1ab-4c8c-8042-c121f40001ba
2025/06/02 09:27:12.465904 plan_config.go:27: planId:  d3b58b68-f88c-4f6f-b115-aaf7810fef61
2025/06/02 09:27:12.465913 auth_helpers.go:648: authorizing plan
2025/06/02 09:27:12.468942 plan_config.go:53: GetPlanConfigHandler processed successfully
2025/06/02 09:27:12.469097 setup.go:59: 

Completed: GET /plans/d3b58b68-f88c-4f6f-b115-aaf7810fef61/config in 9.421541ms

2025/06/02 09:27:12.469884 setup.go:57: 

Request: GET /plans/d3b58b68-f88c-4f6f-b115-aaf7810fef61/main/settings

2025/06/02 09:27:12.470019 settings.go:19: Received request for GetSettingsHandler
2025/06/02 09:27:12.470048 auth_helpers.go:442: authenticating request
2025/06/02 09:27:12.476377 auth_helpers.go:589: UserId: 7de205bd-e851-4579-8940-4f2cbb3b21ee, Email: local-admin@plandex.ai, OrgId: 6aaef103-b1ab-4c8c-8042-c121f40001ba
2025/06/02 09:27:12.476449 settings.go:30: planId:  d3b58b68-f88c-4f6f-b115-aaf7810fef61 branch:  main
2025/06/02 09:27:12.476461 auth_helpers.go:648: authorizing plan
2025/06/02 09:27:12.478599 queue.go:317: [Queue] ExecRepoOperation called for plan d3b58b68-f88c-4f6f-b115-aaf7810fef61, branch main, scope r, reason get settings
2025/06/02 09:27:12.481096 locks.go:166: [Lock][809] got lockable plan id for d3b58b68-f88c-4f6f-b115-aaf7810fef61 | reason: get settings
2025/06/02 09:27:12.482025 locks.go:227: [Lock][809] 0 locks found, 0 expired | reason: get settings
2025/06/02 09:27:12.507285 locks.go:383: Lock acquired: 873d28d0-ecb1-4eee-b526-31d5931f9f0a for plan d3b58b68-f88c-4f6f-b115-aaf7810fef61 with scope r | reason: get settings
2025/06/02 09:27:12.507601 git.go:603: [Git] gitRemoveIndexLockFileIfExists - repoDir: /tmp/plandex_server_data/orgs/6aaef103-b1ab-4c8c-8042-c121f40001ba/plans/d3b58b68-f88c-4f6f-b115-aaf7810fef61
2025/06/02 09:27:12.507863 locks.go:401: [Lock][Heartbeat] Will update heartbeat for d3b58b68-f88c-4f6f-b115-aaf7810fef61 | get settings | Heartbeat interval: 3s, jitter: 130.306979ms
2025/06/02 09:27:12.508043 git.go:427: [Git] gitCheckoutBranch - repoDir: /tmp/plandex_server_data/orgs/6aaef103-b1ab-4c8c-8042-c121f40001ba/plans/d3b58b68-f88c-4f6f-b115-aaf7810fef61, branch: main
2025/06/02 09:27:12.508127 git.go:603: [Git] gitRemoveIndexLockFileIfExists - repoDir: /tmp/plandex_server_data/orgs/6aaef103-b1ab-4c8c-8042-c121f40001ba/plans/d3b58b68-f88c-4f6f-b115-aaf7810fef61
2025/06/02 09:27:12.511218 git.go:443: [Git] gitCheckoutBranch - currentBranch: main
2025/06/02 09:27:12.511386 git.go:446: [Git] gitCheckoutBranch - already on branch main, skipping
2025/06/02 09:27:12.511399 locks.go:464: [Lock] d3b58b68-f88c-4f6f-b115-aaf7810fef61 | get settings | Checked out branch
2025/06/02 09:27:12.511414 queue.go:190: [Queue] Acquired DB lock 873d28d0-ecb1-4eee-b526-31d5931f9f0a
2025/06/02 09:27:12.511530 settings_helpers.go:53: GetPlanSettings - settings found in file
2025/06/02 09:27:12.511801 queue.go:193: [Queue] Releasing DB lock 873d28d0-ecb1-4eee-b526-31d5931f9f0a for plan d3b58b68-f88c-4f6f-b115-aaf7810fef61
2025/06/02 09:27:12.511961 settings.go:74: GetSettingsHandler processed successfully
2025/06/02 09:27:12.512132 setup.go:59: 

Completed: GET /plans/d3b58b68-f88c-4f6f-b115-aaf7810fef61/main/settings in 42.24773ms

2025/06/02 09:27:12.512183 locks.go:388: [Lock][Heartbeat] Timeout or context canceled during heartbeat loop for lock 873d28d0-ecb1-4eee-b526-31d5931f9f0a for plan d3b58b68-f88c-4f6f-b115-aaf7810fef61 | reason: get settings
2025/06/02 09:27:12.512906 locks.go:501: [Lock][Delete][809] Lock released: 873d28d0-ecb1-4eee-b526-31d5931f9f0a for plan d3b58b68-f88c-4f6f-b115-aaf7810fef61 | get settings
2025/06/02 09:27:12.512956 queue.go:198: [Queue] DB lock 873d28d0-ecb1-4eee-b526-31d5931f9f0a released successfully
2025/06/02 09:27:12.712565 handler.go:31: traces export: parse "https://https:%2F%2Flogfire-api.pydantic.dev/v1/traces": invalid port ":%2F%2Flogfire-api.pydantic.dev" after host
2025/06/02 09:27:12.820707 setup.go:57: 

Request: GET /plans/d3b58b68-f88c-4f6f-b115-aaf7810fef61/main/context

2025/06/02 09:27:12.820858 plans_context.go:18: Received request for ListContextHandler
2025/06/02 09:27:12.820878 auth_helpers.go:442: authenticating request
2025/06/02 09:27:12.824429 auth_helpers.go:589: UserId: 7de205bd-e851-4579-8940-4f2cbb3b21ee, Email: local-admin@plandex.ai, OrgId: 6aaef103-b1ab-4c8c-8042-c121f40001ba
2025/06/02 09:27:12.824482 plans_context.go:28: planId:  d3b58b68-f88c-4f6f-b115-aaf7810fef61 branch:  main
2025/06/02 09:27:12.824491 auth_helpers.go:648: authorizing plan
2025/06/02 09:27:12.826233 queue.go:317: [Queue] ExecRepoOperation called for plan d3b58b68-f88c-4f6f-b115-aaf7810fef61, branch main, scope r, reason list contexts
2025/06/02 09:27:12.828936 locks.go:166: [Lock][814] got lockable plan id for d3b58b68-f88c-4f6f-b115-aaf7810fef61 | reason: list contexts
2025/06/02 09:27:12.829895 locks.go:227: [Lock][814] 0 locks found, 0 expired | reason: list contexts
2025/06/02 09:27:12.843582 locks.go:383: Lock acquired: 87153dde-da03-41c7-9675-7b91eb995623 for plan d3b58b68-f88c-4f6f-b115-aaf7810fef61 with scope r | reason: list contexts
2025/06/02 09:27:12.843650 git.go:603: [Git] gitRemoveIndexLockFileIfExists - repoDir: /tmp/plandex_server_data/orgs/6aaef103-b1ab-4c8c-8042-c121f40001ba/plans/d3b58b68-f88c-4f6f-b115-aaf7810fef61
2025/06/02 09:27:12.843695 locks.go:401: [Lock][Heartbeat] Will update heartbeat for d3b58b68-f88c-4f6f-b115-aaf7810fef61 | list contexts | Heartbeat interval: 3s, jitter: 151.971104ms
2025/06/02 09:27:12.843712 git.go:427: [Git] gitCheckoutBranch - repoDir: /tmp/plandex_server_data/orgs/6aaef103-b1ab-4c8c-8042-c121f40001ba/plans/d3b58b68-f88c-4f6f-b115-aaf7810fef61, branch: main
2025/06/02 09:27:12.843734 git.go:603: [Git] gitRemoveIndexLockFileIfExists - repoDir: /tmp/plandex_server_data/orgs/6aaef103-b1ab-4c8c-8042-c121f40001ba/plans/d3b58b68-f88c-4f6f-b115-aaf7810fef61
2025/06/02 09:27:12.845545 git.go:443: [Git] gitCheckoutBranch - currentBranch: main
2025/06/02 09:27:12.845597 git.go:446: [Git] gitCheckoutBranch - already on branch main, skipping
2025/06/02 09:27:12.845607 locks.go:464: [Lock] d3b58b68-f88c-4f6f-b115-aaf7810fef61 | list contexts | Checked out branch
2025/06/02 09:27:12.845626 queue.go:190: [Queue] Acquired DB lock 87153dde-da03-41c7-9675-7b91eb995623
2025/06/02 09:27:12.847312 queue.go:193: [Queue] Releasing DB lock 87153dde-da03-41c7-9675-7b91eb995623 for plan d3b58b68-f88c-4f6f-b115-aaf7810fef61
2025/06/02 09:27:12.848487 locks.go:501: [Lock][Delete][814] Lock released: 87153dde-da03-41c7-9675-7b91eb995623 for plan d3b58b68-f88c-4f6f-b115-aaf7810fef61 | list contexts
2025/06/02 09:27:12.848557 queue.go:198: [Queue] DB lock 87153dde-da03-41c7-9675-7b91eb995623 released successfully
2025/06/02 09:27:12.848660 setup.go:59: 

Completed: GET /plans/d3b58b68-f88c-4f6f-b115-aaf7810fef61/main/context in 27.953416ms

2025/06/02 09:27:12.848753 locks.go:388: [Lock][Heartbeat] Timeout or context canceled during heartbeat loop for lock 87153dde-da03-41c7-9675-7b91eb995623 for plan d3b58b68-f88c-4f6f-b115-aaf7810fef61 | reason: list contexts
2025/06/02 09:27:13.278382 setup.go:57: 

Request: POST /file_map

2025/06/02 09:27:13.278515 file_maps.go:17: Received request for GetFileMapHandler
2025/06/02 09:27:13.278526 auth_helpers.go:442: authenticating request
2025/06/02 09:27:13.281341 auth_helpers.go:589: UserId: 7de205bd-e851-4579-8940-4f2cbb3b21ee, Email: local-admin@plandex.ai, OrgId: 6aaef103-b1ab-4c8c-8042-c121f40001ba
2025/06/02 09:27:13.281454 file_maps.go:31: GetFileMapHandler: checking limits
2025/06/02 09:27:13.281464 file_maps_queue.go:71: queueProjectMapJob: len(projectMapQueue): 0
2025/06/02 09:27:13.281481 file_maps_queue.go:85: mapWorker: len(job.inputs): 1
2025/06/02 09:27:13.281509 file_maps.go:99: GetFileMapHandler success - writing response bytes: 90
2025/06/02 09:27:13.281536 setup.go:59: 

Completed: POST /file_map in 3.153906ms

2025/06/02 09:27:13.282096 setup.go:57: 

Request: GET /plans/d3b58b68-f88c-4f6f-b115-aaf7810fef61/main/current_plan

2025/06/02 09:27:13.282231 plans_changes.go:20: Received request for CurrentPlanHandler
2025/06/02 09:27:13.282248 auth_helpers.go:442: authenticating request
2025/06/02 09:27:13.284963 auth_helpers.go:589: UserId: 7de205bd-e851-4579-8940-4f2cbb3b21ee, Email: local-admin@plandex.ai, OrgId: 6aaef103-b1ab-4c8c-8042-c121f40001ba
2025/06/02 09:27:13.285023 plans_changes.go:32: planId:  d3b58b68-f88c-4f6f-b115-aaf7810fef61 branch:  main sha:  
2025/06/02 09:27:13.285034 auth_helpers.go:648: authorizing plan
2025/06/02 09:27:13.386793 plans_changes.go:46: locking with scope: r
2025/06/02 09:27:13.386885 queue.go:317: [Queue] ExecRepoOperation called for plan d3b58b68-f88c-4f6f-b115-aaf7810fef61, branch main, scope r, reason get current plan state
2025/06/02 09:27:13.391085 locks.go:166: [Lock][827] got lockable plan id for d3b58b68-f88c-4f6f-b115-aaf7810fef61 | reason: get current plan state
2025/06/02 09:27:13.392438 locks.go:227: [Lock][827] 0 locks found, 0 expired | reason: get current plan state
2025/06/02 09:27:13.434867 locks.go:383: Lock acquired: 4fa4bd51-b487-4ba2-8a65-8e45b0cccecb for plan d3b58b68-f88c-4f6f-b115-aaf7810fef61 with scope r | reason: get current plan state
2025/06/02 09:27:13.434963 git.go:603: [Git] gitRemoveIndexLockFileIfExists - repoDir: /tmp/plandex_server_data/orgs/6aaef103-b1ab-4c8c-8042-c121f40001ba/plans/d3b58b68-f88c-4f6f-b115-aaf7810fef61
2025/06/02 09:27:13.435033 locks.go:401: [Lock][Heartbeat] Will update heartbeat for d3b58b68-f88c-4f6f-b115-aaf7810fef61 | get current plan state | Heartbeat interval: 3s, jitter: 197.830787ms
2025/06/02 09:27:13.435104 git.go:427: [Git] gitCheckoutBranch - repoDir: /tmp/plandex_server_data/orgs/6aaef103-b1ab-4c8c-8042-c121f40001ba/plans/d3b58b68-f88c-4f6f-b115-aaf7810fef61, branch: main
2025/06/02 09:27:13.435149 git.go:603: [Git] gitRemoveIndexLockFileIfExists - repoDir: /tmp/plandex_server_data/orgs/6aaef103-b1ab-4c8c-8042-c121f40001ba/plans/d3b58b68-f88c-4f6f-b115-aaf7810fef61
2025/06/02 09:27:13.437704 git.go:443: [Git] gitCheckoutBranch - currentBranch: main
2025/06/02 09:27:13.437798 git.go:446: [Git] gitCheckoutBranch - already on branch main, skipping
2025/06/02 09:27:13.437814 locks.go:464: [Lock] d3b58b68-f88c-4f6f-b115-aaf7810fef61 | get current plan state | Checked out branch
2025/06/02 09:27:13.437841 queue.go:190: [Queue] Acquired DB lock 4fa4bd51-b487-4ba2-8a65-8e45b0cccecb
2025/06/02 09:27:13.440195 result_helpers.go:173: Got contexts: 1
2025/06/02 09:27:13.440300 queue.go:193: [Queue] Releasing DB lock 4fa4bd51-b487-4ba2-8a65-8e45b0cccecb for plan d3b58b68-f88c-4f6f-b115-aaf7810fef61
2025/06/02 09:27:13.441704 locks.go:501: [Lock][Delete][827] Lock released: 4fa4bd51-b487-4ba2-8a65-8e45b0cccecb for plan d3b58b68-f88c-4f6f-b115-aaf7810fef61 | get current plan state
2025/06/02 09:27:13.441788 queue.go:198: [Queue] DB lock 4fa4bd51-b487-4ba2-8a65-8e45b0cccecb released successfully
2025/06/02 09:27:13.442331 plans_changes.go:101: Successfully retrieved current plan state
2025/06/02 09:27:13.442627 setup.go:59: 

Completed: GET /plans/d3b58b68-f88c-4f6f-b115-aaf7810fef61/main/current_plan in 160.530618ms

2025/06/02 09:27:13.442720 locks.go:388: [Lock][Heartbeat] Timeout or context canceled during heartbeat loop for lock 4fa4bd51-b487-4ba2-8a65-8e45b0cccecb for plan d3b58b68-f88c-4f6f-b115-aaf7810fef61 | reason: get current plan state
2025/06/02 09:27:13.447395 setup.go:57: 

Request: PUT /plans/d3b58b68-f88c-4f6f-b115-aaf7810fef61/main/context

2025/06/02 09:27:13.447584 plans_context.go:215: Received request for UpdateContextHandler
2025/06/02 09:27:13.447601 auth_helpers.go:442: authenticating request
2025/06/02 09:27:13.453632 auth_helpers.go:589: UserId: 7de205bd-e851-4579-8940-4f2cbb3b21ee, Email: local-admin@plandex.ai, OrgId: 6aaef103-b1ab-4c8c-8042-c121f40001ba
2025/06/02 09:27:13.453726 plans_context.go:225: planId:  d3b58b68-f88c-4f6f-b115-aaf7810fef61
2025/06/02 09:27:13.453746 auth_helpers.go:648: authorizing plan
2025/06/02 09:27:13.455524 queue.go:317: [Queue] ExecRepoOperation called for plan d3b58b68-f88c-4f6f-b115-aaf7810fef61, branch main, scope w, reason update contexts
2025/06/02 09:27:13.459439 locks.go:166: [Lock][851] got lockable plan id for d3b58b68-f88c-4f6f-b115-aaf7810fef61 | reason: update contexts
2025/06/02 09:27:13.460498 locks.go:227: [Lock][851] 0 locks found, 0 expired | reason: update contexts
2025/06/02 09:27:13.463296 locks.go:383: Lock acquired: 7da04f1c-b29c-4d14-9aeb-2079a363850d for plan d3b58b68-f88c-4f6f-b115-aaf7810fef61 with scope w | reason: update contexts
2025/06/02 09:27:13.463411 git.go:603: [Git] gitRemoveIndexLockFileIfExists - repoDir: /tmp/plandex_server_data/orgs/6aaef103-b1ab-4c8c-8042-c121f40001ba/plans/d3b58b68-f88c-4f6f-b115-aaf7810fef61
2025/06/02 09:27:13.463466 locks.go:401: [Lock][Heartbeat] Will update heartbeat for d3b58b68-f88c-4f6f-b115-aaf7810fef61 | update contexts | Heartbeat interval: 3s, jitter: 132.493451ms
2025/06/02 09:27:13.463506 git.go:427: [Git] gitCheckoutBranch - repoDir: /tmp/plandex_server_data/orgs/6aaef103-b1ab-4c8c-8042-c121f40001ba/plans/d3b58b68-f88c-4f6f-b115-aaf7810fef61, branch: main
2025/06/02 09:27:13.463550 git.go:603: [Git] gitRemoveIndexLockFileIfExists - repoDir: /tmp/plandex_server_data/orgs/6aaef103-b1ab-4c8c-8042-c121f40001ba/plans/d3b58b68-f88c-4f6f-b115-aaf7810fef61
2025/06/02 09:27:13.466647 git.go:443: [Git] gitCheckoutBranch - currentBranch: main
2025/06/02 09:27:13.466709 git.go:446: [Git] gitCheckoutBranch - already on branch main, skipping
2025/06/02 09:27:13.466719 locks.go:464: [Lock] d3b58b68-f88c-4f6f-b115-aaf7810fef61 | update contexts | Checked out branch
2025/06/02 09:27:13.466735 queue.go:190: [Queue] Acquired DB lock 7da04f1c-b29c-4d14-9aeb-2079a363850d
2025/06/02 09:27:13.468158 settings_helpers.go:53: GetPlanSettings - settings found in file
2025/06/02 09:27:13.477574 result_helpers.go:173: Got contexts: 1
2025/06/02 09:27:13.552557 context_helpers_store.go:89: StoreContext - context.MapParts length 455
2025/06/02 09:27:13.552640 context_helpers_store.go:104: StoreContext - mapCachePath /tmp/plandex_server_data/orgs/6aaef103-b1ab-4c8c-8042-c121f40001ba/projects/937532f3-b441-4fca-a384-61b11b163b48/map_cache/5058f1af8388633f609cadb75a75dc9d.json
2025/06/02 09:27:13.560930 git.go:66: [Git] GitAddAndCommit - orgId: 6aaef103-b1ab-4c8c-8042-c121f40001ba, planId: d3b58b68-f88c-4f6f-b115-aaf7810fef61, branch: main, message: Updated 1 map in context | added → 0 🪙 | total → 41279 🪙

+---------+------+----+
|  NAME   | TYPE | 🪙 |
+---------+------+----+
| [92;1m 🗺️  cwd[0m | [92mmap[0m  | [92m+0[0m |
+---------+------+----+
2025/06/02 09:27:13.560984 git.go:647: [Git] gitWriteOperation - label: GitAddAndCommit > gitAdd: plan=d3b58b68-f88c-4f6f-b115-aaf7810fef61 branch=main
2025/06/02 09:27:13.560991 git.go:603: [Git] gitRemoveIndexLockFileIfExists - repoDir: /tmp/plandex_server_data/orgs/6aaef103-b1ab-4c8c-8042-c121f40001ba/plans/d3b58b68-f88c-4f6f-b115-aaf7810fef61
2025/06/02 09:27:13.568592 git.go:647: [Git] gitWriteOperation - label: GitAddAndCommit > gitCommit: plan=d3b58b68-f88c-4f6f-b115-aaf7810fef61 branch=main
2025/06/02 09:27:13.568648 git.go:603: [Git] gitRemoveIndexLockFileIfExists - repoDir: /tmp/plandex_server_data/orgs/6aaef103-b1ab-4c8c-8042-c121f40001ba/plans/d3b58b68-f88c-4f6f-b115-aaf7810fef61
2025/06/02 09:27:13.578847 queue.go:193: [Queue] Releasing DB lock 7da04f1c-b29c-4d14-9aeb-2079a363850d for plan d3b58b68-f88c-4f6f-b115-aaf7810fef61
2025/06/02 09:27:13.578889 plans_context.go:315: Successfully processed UpdateContextHandler request
2025/06/02 09:27:13.579150 setup.go:59: 

Completed: PUT /plans/d3b58b68-f88c-4f6f-b115-aaf7810fef61/main/context in 131.755044ms

2025/06/02 09:27:13.579271 locks.go:388: [Lock][Heartbeat] Timeout or context canceled during heartbeat loop for lock 7da04f1c-b29c-4d14-9aeb-2079a363850d for plan d3b58b68-f88c-4f6f-b115-aaf7810fef61 | reason: update contexts
2025/06/02 09:27:13.580182 locks.go:501: [Lock][Delete][851] Lock released: 7da04f1c-b29c-4d14-9aeb-2079a363850d for plan d3b58b68-f88c-4f6f-b115-aaf7810fef61 | update contexts
2025/06/02 09:27:13.580285 queue.go:198: [Queue] DB lock 7da04f1c-b29c-4d14-9aeb-2079a363850d released successfully
2025/06/02 09:27:13.981906 setup.go:57: 

Request: POST /plans/d3b58b68-f88c-4f6f-b115-aaf7810fef61/main/tell

2025/06/02 09:27:13.982073 plans_exec.go:24: Received request for TellPlanHandler ip: localhost
2025/06/02 09:27:13.982086 auth_helpers.go:442: authenticating request
2025/06/02 09:27:13.987222 auth_helpers.go:589: UserId: 7de205bd-e851-4579-8940-4f2cbb3b21ee, Email: local-admin@plandex.ai, OrgId: 6aaef103-b1ab-4c8c-8042-c121f40001ba
2025/06/02 09:27:13.987303 plans_exec.go:35: planId:  d3b58b68-f88c-4f6f-b115-aaf7810fef61
2025/06/02 09:27:13.987317 auth_helpers.go:648: authorizing plan
2025/06/02 09:27:13.990038 settings_helpers.go:53: GetPlanSettings - settings found in file
2025/06/02 09:27:13.990335 tell_exec.go:45: Tell: Called with plan ID d3b58b68-f88c-4f6f-b115-aaf7810fef61 on branch main (TraceID: f6026b845a7baede1cef723ad873cf48)
2025/06/02 09:27:13.990383 activate.go:25: Activate plan: plan ID d3b58b68-f88c-4f6f-b115-aaf7810fef61 on branch main
2025/06/02 09:27:13.990391 activate.go:28: Waiting 100ms before checking for active plan
2025/06/02 09:27:14.091128 activate.go:30: Done waiting, checking for active plan
2025/06/02 09:27:14.134800 activate.go:79: Tell: Model stream stored with ID c8fd4bb1-911d-4b97-adae-9df9f65bec47 for plan ID d3b58b68-f88c-4f6f-b115-aaf7810fef61 on branch main
2025/06/02 09:27:14.134874 activate.go:80: Model stream id: c8fd4bb1-911d-4b97-adae-9df9f65bec47
2025/06/02 09:27:14.134890 tell_exec.go:76: Tell: Tell operation completed successfully for plan ID d3b58b68-f88c-4f6f-b115-aaf7810fef61 on branch main (TraceID: f6026b845a7baede1cef723ad873cf48)
2025/06/02 09:27:14.134913 stream_helper.go:20: Response stream manager: starting plan stream
2025/06/02 09:27:14.134968 stream_helper.go:45: Response stream manager: sending initial message
2025/06/02 09:27:14.135034 tell_exec.go:107: [TellExec] Starting iteration 0 for plan d3b58b68-f88c-4f6f-b115-aaf7810fef61 on branch main (TraceID: f6026b845a7baede1cef723ad873cf48)
2025/06/02 09:27:14.135067 state.go:140: Subscribing to plan d3b58b68-f88c-4f6f-b115-aaf7810fef61
2025/06/02 09:27:14.135067 tell_exec.go:127: [TellExec] Starting iteration 0 for plan d3b58b68-f88c-4f6f-b115-aaf7810fef61 on branch main
2025/06/02 09:27:14.135126 tell_exec.go:154: Executing WillExecPlanHook
2025/06/02 09:27:14.135135 tell_exec.go:168: execTellPlan - Setting plan status to replying
2025/06/02 09:27:14.138234 tell_exec.go:183: execTellPlan - Plan status set to replying
2025/06/02 09:27:14.138324 tell_exec.go:198: execTellPlan - Loading tell plan
2025/06/02 09:27:14.138350 tell_load.go:50: [TellLoad] Tell plan - loadTellPlan - iteration: 0, missingFileResponse: , req.IsUserContinue: false, lockScope: w
2025/06/02 09:27:14.138378 queue.go:317: [Queue] ExecRepoOperation called for plan d3b58b68-f88c-4f6f-b115-aaf7810fef61, branch main, scope w, reason load tell plan
2025/06/02 09:27:14.140805 locks.go:166: [Lock][730] got lockable plan id for d3b58b68-f88c-4f6f-b115-aaf7810fef61 | reason: load tell plan
2025/06/02 09:27:14.141693 locks.go:227: [Lock][730] 0 locks found, 0 expired | reason: load tell plan
2025/06/02 09:27:14.144192 locks.go:383: Lock acquired: 9ed873a0-8db0-43a4-845b-7c135b3f504d for plan d3b58b68-f88c-4f6f-b115-aaf7810fef61 with scope w | reason: load tell plan
2025/06/02 09:27:14.144267 git.go:603: [Git] gitRemoveIndexLockFileIfExists - repoDir: /tmp/plandex_server_data/orgs/6aaef103-b1ab-4c8c-8042-c121f40001ba/plans/d3b58b68-f88c-4f6f-b115-aaf7810fef61
2025/06/02 09:27:14.144313 locks.go:401: [Lock][Heartbeat] Will update heartbeat for d3b58b68-f88c-4f6f-b115-aaf7810fef61 | load tell plan | Heartbeat interval: 3s, jitter: 260.807912ms
2025/06/02 09:27:14.144412 git.go:427: [Git] gitCheckoutBranch - repoDir: /tmp/plandex_server_data/orgs/6aaef103-b1ab-4c8c-8042-c121f40001ba/plans/d3b58b68-f88c-4f6f-b115-aaf7810fef61, branch: main
2025/06/02 09:27:14.144441 git.go:603: [Git] gitRemoveIndexLockFileIfExists - repoDir: /tmp/plandex_server_data/orgs/6aaef103-b1ab-4c8c-8042-c121f40001ba/plans/d3b58b68-f88c-4f6f-b115-aaf7810fef61
2025/06/02 09:27:14.146275 git.go:443: [Git] gitCheckoutBranch - currentBranch: main
2025/06/02 09:27:14.146321 git.go:446: [Git] gitCheckoutBranch - already on branch main, skipping
2025/06/02 09:27:14.146329 locks.go:464: [Lock] d3b58b68-f88c-4f6f-b115-aaf7810fef61 | load tell plan | Checked out branch
2025/06/02 09:27:14.146341 queue.go:190: [Queue] Acquired DB lock 9ed873a0-8db0-43a4-845b-7c135b3f504d
2025/06/02 09:27:14.146542 settings_helpers.go:53: GetPlanSettings - settings found in file
2025/06/02 09:27:14.146846 tell_load.go:203: getting plan summaries
2025/06/02 09:27:14.146933 tell_load.go:204: convoMessageIds: [26ab7763-bede-4e98-9a47-8cdb7e0387c0 7f4df982-3100-430f-bab3-b1a9bfad08ba daa7f76c-c1ab-4939-9776-7be1696b839d]
2025/06/02 09:27:14.146877 tell_load.go:160: [TellLoad] storing user message | len(convo): 3 | num: 4
2025/06/02 09:27:14.147069 tell_load.go:177: [TellLoad] storing user message
2025/06/02 09:27:14.147113 model_request.go:82: Model config - role: names, model: gemini-2.5-pro, max output tokens: 8192
2025/06/02 09:27:14.147145 client_stream.go:267: withStreamingRetries - will run operation
2025/06/02 09:27:14.147197 client_stream.go:105: processChatCompletionStream - modelConfig (map[string]interface {}) (len=2) {
 (string) (len=5) "model": (shared.ModelName) (len=14) "gemini-2.5-pro",
 (string) (len=8) "provider": (shared.ModelProvider) (len=6) "custom"
}

2025/06/02 09:27:14.147226 client.go:195: LLM API call starting - Model: gemini-2.5-pro, Provider: custom (TraceID: 3a1062bbd204fa8477c6b459a1dc87be)
2025/06/02 09:27:14.148262 tell_load.go:214: got 0 plan summaries
2025/06/02 09:27:14.148766 tell_load.go:130: [TellLoad] Tell plan - loadTellPlan - modelContext: 0
2025/06/02 09:27:14.149771 convo_helpers.go:163: StoreConvoMessage - message.Flags.CurrentStage.TellStage: 
2025/06/02 09:27:14.149818 convo_helpers.go:164: StoreConvoMessage - message.Subtask: <nil>
2025/06/02 09:27:14.149831 convo_helpers.go:188: [Git] StoreConvoMessage - committing convo message: Message #4 | 💬 User prompt | 1 🪙, branch: main
2025/06/02 09:27:14.149838 git.go:66: [Git] GitAddAndCommit - orgId: 6aaef103-b1ab-4c8c-8042-c121f40001ba, planId: d3b58b68-f88c-4f6f-b115-aaf7810fef61, branch: main, message: Message #4 | 💬 User prompt | 1 🪙
2025/06/02 09:27:14.149849 git.go:647: [Git] gitWriteOperation - label: GitAddAndCommit > gitAdd: plan=d3b58b68-f88c-4f6f-b115-aaf7810fef61 branch=main
2025/06/02 09:27:14.149856 git.go:603: [Git] gitRemoveIndexLockFileIfExists - repoDir: /tmp/plandex_server_data/orgs/6aaef103-b1ab-4c8c-8042-c121f40001ba/plans/d3b58b68-f88c-4f6f-b115-aaf7810fef61
2025/06/02 09:27:14.155855 git.go:647: [Git] gitWriteOperation - label: GitAddAndCommit > gitCommit: plan=d3b58b68-f88c-4f6f-b115-aaf7810fef61 branch=main
2025/06/02 09:27:14.155920 git.go:603: [Git] gitRemoveIndexLockFileIfExists - repoDir: /tmp/plandex_server_data/orgs/6aaef103-b1ab-4c8c-8042-c121f40001ba/plans/d3b58b68-f88c-4f6f-b115-aaf7810fef61
2025/06/02 09:27:14.371766 client_stream.go:274: withStreamingRetries - operation returned error: error creating chat completion stream: status code: 400, body: {"error":{"message":"{\"error\":{\"message\":\"Request contains only system messages. Gemini requires at least one non-system message.\",\"code\":\"invalid_request_body\"}}\n","type":"error"}}
2025/06/02 09:27:14.371836 client_stream.go:287: Error in streaming operation: error creating chat completion stream: status code: 400, body: {"error":{"message":"{\"error\":{\"message\":\"Request contains only system messages. Gemini requires at least one non-system message.\",\"code\":\"invalid_request_body\"}}\n","type":"error"}}, isFallback: false, numTotalRetry: 0, numFallbackRetry: 0, numRetry: 0, compareRetries: 0, maxRetries: 2
2025/06/02 09:27:14.371849 model_error.go:39: Classifying error message: error creating chat completion stream: status code: 400, body: {"error":{"message":"{\"error\":{\"message\":\"Request contains only system messages. Gemini requires at least one non-system message.\",\"code\":\"invalid_request_body\"}}\n","type":"error"}}
2025/06/02 09:27:14.371865 model_error.go:85: No error classification based on message
2025/06/02 09:27:14.371876 client_stream.go:332: withStreamingRetries - retrying stream in 1.135s seconds
2025/06/02 09:27:15.507100 client_stream.go:267: withStreamingRetries - will run operation
2025/06/02 09:27:15.507244 client_stream.go:105: processChatCompletionStream - modelConfig (map[string]interface {}) (len=2) {
 (string) (len=5) "model": (shared.ModelName) (len=14) "gemini-2.5-pro",
 (string) (len=8) "provider": (shared.ModelProvider) (len=6) "custom"
}

2025/06/02 09:27:15.507291 client.go:195: LLM API call starting - Model: gemini-2.5-pro, Provider: custom (TraceID: a3db43519157c6d176f9a92aa418c18d)
2025/06/02 09:27:15.735402 client_stream.go:274: withStreamingRetries - operation returned error: error creating chat completion stream: status code: 429, body: {"error":{"message":"too many concurrent vision requests. Please try again later\n","type":"error"}}
2025/06/02 09:27:15.735464 client_stream.go:287: Error in streaming operation: error creating chat completion stream: status code: 429, body: {"error":{"message":"too many concurrent vision requests. Please try again later\n","type":"error"}}, isFallback: false, numTotalRetry: 1, numFallbackRetry: 0, numRetry: 1, compareRetries: 1, maxRetries: 2
2025/06/02 09:27:15.735474 model_error.go:39: Classifying error message: error creating chat completion stream: status code: 429, body: {"error":{"message":"too many concurrent vision requests. Please try again later\n","type":"error"}}
2025/06/02 09:27:15.735488 model_error.go:85: No error classification based on message
2025/06/02 09:27:15.735498 client_stream.go:332: withStreamingRetries - retrying stream in 1.193s seconds
2025/06/02 09:27:16.929024 client_stream.go:267: withStreamingRetries - will run operation
2025/06/02 09:27:16.929099 client_stream.go:105: processChatCompletionStream - modelConfig (map[string]interface {}) (len=2) {
 (string) (len=8) "provider": (shared.ModelProvider) (len=6) "custom",
 (string) (len=5) "model": (shared.ModelName) (len=14) "gemini-2.5-pro"
}

2025/06/02 09:27:16.929129 client.go:195: LLM API call starting - Model: gemini-2.5-pro, Provider: custom (TraceID: f161b9f328d9d03bf5809b1a0bb56c0f)
2025/06/02 09:27:17.097655 client_stream.go:274: withStreamingRetries - operation returned error: error creating chat completion stream: status code: 429, body: {"error":{"message":"too many concurrent vision requests. Please try again later\n","type":"error"}}
2025/06/02 09:27:17.097711 client_stream.go:287: Error in streaming operation: error creating chat completion stream: status code: 429, body: {"error":{"message":"too many concurrent vision requests. Please try again later\n","type":"error"}}, isFallback: false, numTotalRetry: 2, numFallbackRetry: 0, numRetry: 2, compareRetries: 2, maxRetries: 2
2025/06/02 09:27:17.097723 model_error.go:39: Classifying error message: error creating chat completion stream: status code: 429, body: {"error":{"message":"too many concurrent vision requests. Please try again later\n","type":"error"}}
2025/06/02 09:27:17.097735 model_error.go:85: No error classification based on message
2025/06/02 09:27:17.097742 client_stream.go:319: withStreamingRetries - compareRetries >= maxRetries - returning error
Error during plan name model call: error creating chat completion stream: status code: 429, body: {"error":{"message":"too many concurrent vision requests. Please try again later\n","type":"error"}}
2025/06/02 09:27:17.097751 tell_load.go:86: Error generating plan name: error creating chat completion stream: status code: 429, body: {"error":{"message":"too many concurrent vision requests. Please try again later\n","type":"error"}}
2025/06/02 09:27:17.097798 queue.go:193: [Queue] Releasing DB lock 9ed873a0-8db0-43a4-845b-7c135b3f504d for plan d3b58b68-f88c-4f6f-b115-aaf7810fef61
2025/06/02 09:27:17.097853 state.go:44: case apiErr := <-activePlan.StreamDoneCh: d3b58b68-f88c-4f6f-b115-aaf7810fef61
2025/06/02 09:27:17.097885 state.go:45: apiErr: 500 Error: Error loading plan: error generating plan name: error creating chat completion stream: status code: 429, body: {"error":{"message":"too many concurrent vision requests. Please try again later\n","type":"error"}}
2025/06/02 09:27:17.097884 tell_load.go:279: execTellPlan: error loading tell plan: error generating plan name: error creating chat completion stream: status code: 429, body: {"error":{"message":"too many concurrent vision requests. Please try again later\n","type":"error"}}
2025/06/02 09:27:17.097898 state.go:61: Error streaming plan d3b58b68-f88c-4f6f-b115-aaf7810fef61: 500 Error: Error loading plan: error generating plan name: error creating chat completion stream: status code: 429, body: {"error":{"message":"too many concurrent vision requests. Please try again later\n","type":"error"}}
2025/06/02 09:27:17.098976 locks.go:501: [Lock][Delete][730] Lock released: 9ed873a0-8db0-43a4-845b-7c135b3f504d for plan d3b58b68-f88c-4f6f-b115-aaf7810fef61 | load tell plan
2025/06/02 09:27:17.099028 queue.go:198: [Queue] DB lock 9ed873a0-8db0-43a4-845b-7c135b3f504d released successfully
2025/06/02 09:27:17.100011 state.go:68: Sending error message to client
2025/06/02 09:27:17.100049 active_plan.go:198: ActivePlan.Stream: skipping buffer for special message
2025/06/02 09:27:17.100104 active_plan.go:199: (shared.StreamMessage) {
 Type: (shared.StreamMessageType) (len=5) "error",
 ReplyChunk: (string) "",
 BuildInfo: (*shared.BuildInfo)(<nil>),
 Description: (*shared.ConvoMessageDescription)(<nil>),
 Error: (*shared.ApiError)(0xc0010d82c0)(500 Error: Error loading plan: error generating plan name: error creating chat completion stream: status code: 429, body: {"error":{"message":"too many concurrent vision requests. Please try again later\n","type":"error"}}),
 MissingFilePath: (string) "",
 MissingFileAutoContext: (bool) false,
 ModelStreamId: (string) "",
 LoadContextFiles: ([]string) <nil>,
 InitPrompt: (string) "",
 InitReplies: ([]string) <nil>,
 InitBuildOnly: (bool) false,
 StreamMessages: ([]shared.StreamMessage) <nil>
}

2025/06/02 09:27:17.100141 state.go:75: Stopping any active summary stream
2025/06/02 09:27:17.100153 state.go:78: Waiting 100ms after streaming error before canceling active plan
2025/06/02 09:27:17.100462 stream_helper.go:94: Response stream manager: request context done
2025/06/02 09:27:17.100500 stream_helper.go:64: Response stream manager: client stream closed
2025/06/02 09:27:17.100510 state.go:157: UnsubscribePlan d3b58b68-f88c-4f6f-b115-aaf7810fef61 - main - ced176a8-e850-4367-b975-721cef1aa9b4
2025/06/02 09:27:17.100537 state.go:168: Unsubscribed from plan d3b58b68-f88c-4f6f-b115-aaf7810fef61 - main - ced176a8-e850-4367-b975-721cef1aa9b4
2025/06/02 09:27:17.100547 plans_exec.go:97: Successfully processed request for TellPlanHandler
2025/06/02 09:27:17.100555 plans_exec.go:50: Closing request body
2025/06/02 09:27:17.100591 setup.go:59: 

Completed: POST /plans/d3b58b68-f88c-4f6f-b115-aaf7810fef61/main/tell in 3.118684977s

2025/06/02 09:27:17.201284 state.go:83: Cancelling active plan
2025/06/02 09:27:17.201818 locks.go:388: [Lock][Heartbeat] Timeout or context canceled during heartbeat loop for lock 9ed873a0-8db0-43a4-845b-7c135b3f504d for plan d3b58b68-f88c-4f6f-b115-aaf7810fef61 | reason: load tell plan
2025/06/02 09:27:17.201877 active_plan.go:136: ActivePlan stream manager returned
2025/06/02 09:27:17.201923 state.go:96: Deleting active plan d3b58b68-f88c-4f6f-b115-aaf7810fef61 - main - 6aaef103-b1ab-4c8c-8042-c121f40001ba
2025/06/02 09:27:17.202000 state.go:107: Clearing uncommitted changes for plan d3b58b68-f88c-4f6f-b115-aaf7810fef61 - main - 6aaef103-b1ab-4c8c-8042-c121f40001ba
2025/06/02 09:27:17.202047 queue.go:317: [Queue] ExecRepoOperation called for plan d3b58b68-f88c-4f6f-b115-aaf7810fef61, branch main, scope w, reason delete active plan
2025/06/02 09:27:17.207579 locks.go:166: [Lock][902] got lockable plan id for d3b58b68-f88c-4f6f-b115-aaf7810fef61 | reason: delete active plan
2025/06/02 09:27:17.208708 locks.go:227: [Lock][902] 0 locks found, 0 expired | reason: delete active plan
2025/06/02 09:27:17.223520 stream_helpers.go:76: Setting model stream finished: c8fd4bb1-911d-4b97-adae-9df9f65bec47
2025/06/02 09:27:17.267665 locks.go:383: Lock acquired: bf21f45e-563a-4d37-909f-309e9b09f2e4 for plan d3b58b68-f88c-4f6f-b115-aaf7810fef61 with scope w | reason: delete active plan
2025/06/02 09:27:17.267749 git.go:603: [Git] gitRemoveIndexLockFileIfExists - repoDir: /tmp/plandex_server_data/orgs/6aaef103-b1ab-4c8c-8042-c121f40001ba/plans/d3b58b68-f88c-4f6f-b115-aaf7810fef61
2025/06/02 09:27:17.267817 git.go:427: [Git] gitCheckoutBranch - repoDir: /tmp/plandex_server_data/orgs/6aaef103-b1ab-4c8c-8042-c121f40001ba/plans/d3b58b68-f88c-4f6f-b115-aaf7810fef61, branch: main
2025/06/02 09:27:17.267853 git.go:603: [Git] gitRemoveIndexLockFileIfExists - repoDir: /tmp/plandex_server_data/orgs/6aaef103-b1ab-4c8c-8042-c121f40001ba/plans/d3b58b68-f88c-4f6f-b115-aaf7810fef61
2025/06/02 09:27:17.267829 locks.go:401: [Lock][Heartbeat] Will update heartbeat for d3b58b68-f88c-4f6f-b115-aaf7810fef61 | delete active plan | Heartbeat interval: 3s, jitter: 96.364473ms
2025/06/02 09:27:17.269723 git.go:443: [Git] gitCheckoutBranch - currentBranch: main
2025/06/02 09:27:17.269789 git.go:446: [Git] gitCheckoutBranch - already on branch main, skipping
2025/06/02 09:27:17.269799 locks.go:464: [Lock] d3b58b68-f88c-4f6f-b115-aaf7810fef61 | delete active plan | Checked out branch
2025/06/02 09:27:17.269816 queue.go:190: [Queue] Acquired DB lock bf21f45e-563a-4d37-909f-309e9b09f2e4
2025/06/02 09:27:17.269848 state.go:119: Starting clear uncommitted changes for plan d3b58b68-f88c-4f6f-b115-aaf7810fef61 - main - 6aaef103-b1ab-4c8c-8042-c121f40001ba
2025/06/02 09:27:17.269866 git.go:335: [Git] GitClearUncommittedChanges - orgId: 6aaef103-b1ab-4c8c-8042-c121f40001ba, planId: d3b58b68-f88c-4f6f-b115-aaf7810fef61, branch: main
2025/06/02 09:27:17.276906 stream_helpers.go:84: Set model stream finished successfully: c8fd4bb1-911d-4b97-adae-9df9f65bec47
2025/06/02 09:27:17.282231 git.go:647: [Git] gitWriteOperation - label: GitClearUncommittedChanges > gitReset: plan=d3b58b68-f88c-4f6f-b115-aaf7810fef61
2025/06/02 09:27:17.282625 git.go:356: [Git] GitClearUncommittedChanges - resetting staged changes for plan d3b58b68-f88c-4f6f-b115-aaf7810fef61
2025/06/02 09:27:17.293812 git.go:361: [Git] GitClearUncommittedChanges - reset staged changes finished for plan d3b58b68-f88c-4f6f-b115-aaf7810fef61
2025/06/02 09:27:17.293958 git.go:647: [Git] gitWriteOperation - label: GitClearUncommittedChanges > gitClean: plan=d3b58b68-f88c-4f6f-b115-aaf7810fef61
2025/06/02 09:27:17.293987 git.go:371: [Git] GitClearUncommittedChanges - cleaning untracked files for plan d3b58b68-f88c-4f6f-b115-aaf7810fef61
2025/06/02 09:27:17.296890 git.go:376: [Git] GitClearUncommittedChanges - clean untracked files finished for plan d3b58b68-f88c-4f6f-b115-aaf7810fef61
2025/06/02 09:27:17.297003 state.go:121: Finished clear uncommitted changes for plan d3b58b68-f88c-4f6f-b115-aaf7810fef61 - main - 6aaef103-b1ab-4c8c-8042-c121f40001ba
2025/06/02 09:27:17.297019 state.go:122: Error: <nil>
2025/06/02 09:27:17.297051 queue.go:193: [Queue] Releasing DB lock bf21f45e-563a-4d37-909f-309e9b09f2e4 for plan d3b58b68-f88c-4f6f-b115-aaf7810fef61
2025/06/02 09:27:17.297115 state.go:132: Deleted active plan d3b58b68-f88c-4f6f-b115-aaf7810fef61 - main - 6aaef103-b1ab-4c8c-8042-c121f40001ba
2025/06/02 09:27:17.297177 locks.go:388: [Lock][Heartbeat] Timeout or context canceled during heartbeat loop for lock bf21f45e-563a-4d37-909f-309e9b09f2e4 for plan d3b58b68-f88c-4f6f-b115-aaf7810fef61 | reason: delete active plan
2025/06/02 09:27:17.299283 locks.go:501: [Lock][Delete][902] Lock released: bf21f45e-563a-4d37-909f-309e9b09f2e4 for plan d3b58b68-f88c-4f6f-b115-aaf7810fef61 | delete active plan
2025/06/02 09:27:17.299462 queue.go:198: [Queue] DB lock bf21f45e-563a-4d37-909f-309e9b09f2e4 released successfully
2025/06/02 09:27:17.713477 handler.go:31: traces export: parse "https://https:%2F%2Flogfire-api.pydantic.dev/v1/traces": invalid port ":%2F%2Flogfire-api.pydantic.dev" after host
2025/06/02 09:27:21.512658 setup.go:57: 

Request: GET /plans/d3b58b68-f88c-4f6f-b115-aaf7810fef61/config

2025/06/02 09:27:21.513053 plan_config.go:17: Received request for GetPlanConfigHandler
2025/06/02 09:27:21.513133 auth_helpers.go:442: authenticating request
2025/06/02 09:27:21.517549 auth_helpers.go:589: UserId: 7de205bd-e851-4579-8940-4f2cbb3b21ee, Email: local-admin@plandex.ai, OrgId: 6aaef103-b1ab-4c8c-8042-c121f40001ba
2025/06/02 09:27:21.517618 plan_config.go:27: planId:  d3b58b68-f88c-4f6f-b115-aaf7810fef61
2025/06/02 09:27:21.517629 auth_helpers.go:648: authorizing plan
2025/06/02 09:27:21.522908 plan_config.go:53: GetPlanConfigHandler processed successfully
2025/06/02 09:27:21.523170 setup.go:59: 

Completed: GET /plans/d3b58b68-f88c-4f6f-b115-aaf7810fef61/config in 10.51146ms

2025/06/02 09:27:21.524174 setup.go:57: 

Request: GET /plans/d3b58b68-f88c-4f6f-b115-aaf7810fef61/main/settings

2025/06/02 09:27:21.524334 settings.go:19: Received request for GetSettingsHandler
2025/06/02 09:27:21.524347 auth_helpers.go:442: authenticating request
2025/06/02 09:27:21.528637 auth_helpers.go:589: UserId: 7de205bd-e851-4579-8940-4f2cbb3b21ee, Email: local-admin@plandex.ai, OrgId: 6aaef103-b1ab-4c8c-8042-c121f40001ba
2025/06/02 09:27:21.528691 settings.go:30: planId:  d3b58b68-f88c-4f6f-b115-aaf7810fef61 branch:  main
2025/06/02 09:27:21.528700 auth_helpers.go:648: authorizing plan
2025/06/02 09:27:21.530349 queue.go:317: [Queue] ExecRepoOperation called for plan d3b58b68-f88c-4f6f-b115-aaf7810fef61, branch main, scope r, reason get settings
2025/06/02 09:27:21.533232 locks.go:166: [Lock][931] got lockable plan id for d3b58b68-f88c-4f6f-b115-aaf7810fef61 | reason: get settings
2025/06/02 09:27:21.534231 locks.go:227: [Lock][931] 0 locks found, 0 expired | reason: get settings
2025/06/02 09:27:21.577816 locks.go:383: Lock acquired: 7210e189-9350-488e-b1e0-56e39604efef for plan d3b58b68-f88c-4f6f-b115-aaf7810fef61 with scope r | reason: get settings
2025/06/02 09:27:21.577884 git.go:603: [Git] gitRemoveIndexLockFileIfExists - repoDir: /tmp/plandex_server_data/orgs/6aaef103-b1ab-4c8c-8042-c121f40001ba/plans/d3b58b68-f88c-4f6f-b115-aaf7810fef61
2025/06/02 09:27:21.577930 locks.go:401: [Lock][Heartbeat] Will update heartbeat for d3b58b68-f88c-4f6f-b115-aaf7810fef61 | get settings | Heartbeat interval: 3s, jitter: 279.772037ms
2025/06/02 09:27:21.577939 git.go:427: [Git] gitCheckoutBranch - repoDir: /tmp/plandex_server_data/orgs/6aaef103-b1ab-4c8c-8042-c121f40001ba/plans/d3b58b68-f88c-4f6f-b115-aaf7810fef61, branch: main
2025/06/02 09:27:21.577961 git.go:603: [Git] gitRemoveIndexLockFileIfExists - repoDir: /tmp/plandex_server_data/orgs/6aaef103-b1ab-4c8c-8042-c121f40001ba/plans/d3b58b68-f88c-4f6f-b115-aaf7810fef61
2025/06/02 09:27:21.579371 git.go:443: [Git] gitCheckoutBranch - currentBranch: main
2025/06/02 09:27:21.579429 git.go:446: [Git] gitCheckoutBranch - already on branch main, skipping
2025/06/02 09:27:21.579438 locks.go:464: [Lock] d3b58b68-f88c-4f6f-b115-aaf7810fef61 | get settings | Checked out branch
2025/06/02 09:27:21.579452 queue.go:190: [Queue] Acquired DB lock 7210e189-9350-488e-b1e0-56e39604efef
2025/06/02 09:27:21.579539 settings_helpers.go:53: GetPlanSettings - settings found in file
2025/06/02 09:27:21.579717 queue.go:193: [Queue] Releasing DB lock 7210e189-9350-488e-b1e0-56e39604efef for plan d3b58b68-f88c-4f6f-b115-aaf7810fef61
2025/06/02 09:27:21.579772 settings.go:74: GetSettingsHandler processed successfully
2025/06/02 09:27:21.579907 setup.go:59: 

Completed: GET /plans/d3b58b68-f88c-4f6f-b115-aaf7810fef61/main/settings in 55.733492ms

2025/06/02 09:27:21.579955 locks.go:388: [Lock][Heartbeat] Timeout or context canceled during heartbeat loop for lock 7210e189-9350-488e-b1e0-56e39604efef for plan d3b58b68-f88c-4f6f-b115-aaf7810fef61 | reason: get settings
2025/06/02 09:27:21.580832 locks.go:501: [Lock][Delete][931] Lock released: 7210e189-9350-488e-b1e0-56e39604efef for plan d3b58b68-f88c-4f6f-b115-aaf7810fef61 | get settings
2025/06/02 09:27:21.580875 queue.go:198: [Queue] DB lock 7210e189-9350-488e-b1e0-56e39604efef released successfully
2025/06/02 09:27:21.874548 setup.go:57: 

Request: GET /plans/d3b58b68-f88c-4f6f-b115-aaf7810fef61/main/context

2025/06/02 09:27:21.874658 plans_context.go:18: Received request for ListContextHandler
2025/06/02 09:27:21.874667 auth_helpers.go:442: authenticating request
2025/06/02 09:27:21.879471 auth_helpers.go:589: UserId: 7de205bd-e851-4579-8940-4f2cbb3b21ee, Email: local-admin@plandex.ai, OrgId: 6aaef103-b1ab-4c8c-8042-c121f40001ba
2025/06/02 09:27:21.879528 plans_context.go:28: planId:  d3b58b68-f88c-4f6f-b115-aaf7810fef61 branch:  main
2025/06/02 09:27:21.879538 auth_helpers.go:648: authorizing plan
2025/06/02 09:27:21.881385 queue.go:317: [Queue] ExecRepoOperation called for plan d3b58b68-f88c-4f6f-b115-aaf7810fef61, branch main, scope r, reason list contexts
2025/06/02 09:27:21.886896 locks.go:166: [Lock][849] got lockable plan id for d3b58b68-f88c-4f6f-b115-aaf7810fef61 | reason: list contexts
2025/06/02 09:27:21.888123 locks.go:227: [Lock][849] 0 locks found, 0 expired | reason: list contexts
2025/06/02 09:27:21.930578 locks.go:383: Lock acquired: cba674e1-fa21-4ab0-b5e4-fc084e64bd53 for plan d3b58b68-f88c-4f6f-b115-aaf7810fef61 with scope r | reason: list contexts
2025/06/02 09:27:21.930656 git.go:603: [Git] gitRemoveIndexLockFileIfExists - repoDir: /tmp/plandex_server_data/orgs/6aaef103-b1ab-4c8c-8042-c121f40001ba/plans/d3b58b68-f88c-4f6f-b115-aaf7810fef61
2025/06/02 09:27:21.930725 locks.go:401: [Lock][Heartbeat] Will update heartbeat for d3b58b68-f88c-4f6f-b115-aaf7810fef61 | list contexts | Heartbeat interval: 3s, jitter: 69.846532ms
2025/06/02 09:27:21.930747 git.go:427: [Git] gitCheckoutBranch - repoDir: /tmp/plandex_server_data/orgs/6aaef103-b1ab-4c8c-8042-c121f40001ba/plans/d3b58b68-f88c-4f6f-b115-aaf7810fef61, branch: main
2025/06/02 09:27:21.930754 git.go:603: [Git] gitRemoveIndexLockFileIfExists - repoDir: /tmp/plandex_server_data/orgs/6aaef103-b1ab-4c8c-8042-c121f40001ba/plans/d3b58b68-f88c-4f6f-b115-aaf7810fef61
2025/06/02 09:27:21.932898 git.go:443: [Git] gitCheckoutBranch - currentBranch: main
2025/06/02 09:27:21.932970 git.go:446: [Git] gitCheckoutBranch - already on branch main, skipping
2025/06/02 09:27:21.932977 locks.go:464: [Lock] d3b58b68-f88c-4f6f-b115-aaf7810fef61 | list contexts | Checked out branch
2025/06/02 09:27:21.933006 queue.go:190: [Queue] Acquired DB lock cba674e1-fa21-4ab0-b5e4-fc084e64bd53
2025/06/02 09:27:21.934282 queue.go:193: [Queue] Releasing DB lock cba674e1-fa21-4ab0-b5e4-fc084e64bd53 for plan d3b58b68-f88c-4f6f-b115-aaf7810fef61
2025/06/02 09:27:21.935149 setup.go:59: 

Completed: GET /plans/d3b58b68-f88c-4f6f-b115-aaf7810fef61/main/context in 60.600809ms

2025/06/02 09:27:21.935227 locks.go:388: [Lock][Heartbeat] Timeout or context canceled during heartbeat loop for lock cba674e1-fa21-4ab0-b5e4-fc084e64bd53 for plan d3b58b68-f88c-4f6f-b115-aaf7810fef61 | reason: list contexts
2025/06/02 09:27:21.935406 locks.go:501: [Lock][Delete][849] Lock released: cba674e1-fa21-4ab0-b5e4-fc084e64bd53 for plan d3b58b68-f88c-4f6f-b115-aaf7810fef61 | list contexts
2025/06/02 09:27:21.935448 queue.go:198: [Queue] DB lock cba674e1-fa21-4ab0-b5e4-fc084e64bd53 released successfully
2025/06/02 09:27:22.309408 setup.go:57: 

Request: POST /file_map

2025/06/02 09:27:22.309548 file_maps.go:17: Received request for GetFileMapHandler
2025/06/02 09:27:22.309566 auth_helpers.go:442: authenticating request
2025/06/02 09:27:22.312692 auth_helpers.go:589: UserId: 7de205bd-e851-4579-8940-4f2cbb3b21ee, Email: local-admin@plandex.ai, OrgId: 6aaef103-b1ab-4c8c-8042-c121f40001ba
2025/06/02 09:27:22.312781 file_maps.go:31: GetFileMapHandler: checking limits
2025/06/02 09:27:22.312793 file_maps_queue.go:71: queueProjectMapJob: len(projectMapQueue): 0
2025/06/02 09:27:22.312809 file_maps_queue.go:85: mapWorker: len(job.inputs): 1
2025/06/02 09:27:22.312836 file_maps.go:99: GetFileMapHandler success - writing response bytes: 90
2025/06/02 09:27:22.312861 setup.go:59: 

Completed: POST /file_map in 3.45362ms

2025/06/02 09:27:22.313291 setup.go:57: 

Request: GET /plans/d3b58b68-f88c-4f6f-b115-aaf7810fef61/main/current_plan

2025/06/02 09:27:22.313378 plans_changes.go:20: Received request for CurrentPlanHandler
2025/06/02 09:27:22.313387 auth_helpers.go:442: authenticating request
2025/06/02 09:27:22.315696 auth_helpers.go:589: UserId: 7de205bd-e851-4579-8940-4f2cbb3b21ee, Email: local-admin@plandex.ai, OrgId: 6aaef103-b1ab-4c8c-8042-c121f40001ba
2025/06/02 09:27:22.315776 plans_changes.go:32: planId:  d3b58b68-f88c-4f6f-b115-aaf7810fef61 branch:  main sha:  
2025/06/02 09:27:22.315798 auth_helpers.go:648: authorizing plan
2025/06/02 09:27:22.417741 plans_changes.go:46: locking with scope: r
2025/06/02 09:27:22.417883 queue.go:317: [Queue] ExecRepoOperation called for plan d3b58b68-f88c-4f6f-b115-aaf7810fef61, branch main, scope r, reason get current plan state
2025/06/02 09:27:22.422230 locks.go:166: [Lock][969] got lockable plan id for d3b58b68-f88c-4f6f-b115-aaf7810fef61 | reason: get current plan state
2025/06/02 09:27:22.424184 locks.go:227: [Lock][969] 0 locks found, 0 expired | reason: get current plan state
2025/06/02 09:27:22.467694 locks.go:383: Lock acquired: 2f6ff4e7-cd66-41ee-9658-c467e728ed8f for plan d3b58b68-f88c-4f6f-b115-aaf7810fef61 with scope r | reason: get current plan state
2025/06/02 09:27:22.467818 git.go:603: [Git] gitRemoveIndexLockFileIfExists - repoDir: /tmp/plandex_server_data/orgs/6aaef103-b1ab-4c8c-8042-c121f40001ba/plans/d3b58b68-f88c-4f6f-b115-aaf7810fef61
2025/06/02 09:27:22.467887 git.go:427: [Git] gitCheckoutBranch - repoDir: /tmp/plandex_server_data/orgs/6aaef103-b1ab-4c8c-8042-c121f40001ba/plans/d3b58b68-f88c-4f6f-b115-aaf7810fef61, branch: main
2025/06/02 09:27:22.467900 git.go:603: [Git] gitRemoveIndexLockFileIfExists - repoDir: /tmp/plandex_server_data/orgs/6aaef103-b1ab-4c8c-8042-c121f40001ba/plans/d3b58b68-f88c-4f6f-b115-aaf7810fef61
2025/06/02 09:27:22.467904 locks.go:401: [Lock][Heartbeat] Will update heartbeat for d3b58b68-f88c-4f6f-b115-aaf7810fef61 | get current plan state | Heartbeat interval: 3s, jitter: 55.252506ms
2025/06/02 09:27:22.471264 git.go:443: [Git] gitCheckoutBranch - currentBranch: main
2025/06/02 09:27:22.471330 git.go:446: [Git] gitCheckoutBranch - already on branch main, skipping
2025/06/02 09:27:22.471344 locks.go:464: [Lock] d3b58b68-f88c-4f6f-b115-aaf7810fef61 | get current plan state | Checked out branch
2025/06/02 09:27:22.471372 queue.go:190: [Queue] Acquired DB lock 2f6ff4e7-cd66-41ee-9658-c467e728ed8f
2025/06/02 09:27:22.474680 result_helpers.go:173: Got contexts: 1
2025/06/02 09:27:22.474849 queue.go:193: [Queue] Releasing DB lock 2f6ff4e7-cd66-41ee-9658-c467e728ed8f for plan d3b58b68-f88c-4f6f-b115-aaf7810fef61
2025/06/02 09:27:22.476772 locks.go:501: [Lock][Delete][969] Lock released: 2f6ff4e7-cd66-41ee-9658-c467e728ed8f for plan d3b58b68-f88c-4f6f-b115-aaf7810fef61 | get current plan state
2025/06/02 09:27:22.476868 queue.go:198: [Queue] DB lock 2f6ff4e7-cd66-41ee-9658-c467e728ed8f released successfully
2025/06/02 09:27:22.478049 plans_changes.go:101: Successfully retrieved current plan state
2025/06/02 09:27:22.478622 setup.go:59: 

Completed: GET /plans/d3b58b68-f88c-4f6f-b115-aaf7810fef61/main/current_plan in 165.328054ms

2025/06/02 09:27:22.478777 locks.go:388: [Lock][Heartbeat] Timeout or context canceled during heartbeat loop for lock 2f6ff4e7-cd66-41ee-9658-c467e728ed8f for plan d3b58b68-f88c-4f6f-b115-aaf7810fef61 | reason: get current plan state
2025/06/02 09:27:22.485477 setup.go:57: 

Request: PUT /plans/d3b58b68-f88c-4f6f-b115-aaf7810fef61/main/context

2025/06/02 09:27:22.485694 plans_context.go:215: Received request for UpdateContextHandler
2025/06/02 09:27:22.485713 auth_helpers.go:442: authenticating request
2025/06/02 09:27:22.492004 auth_helpers.go:589: UserId: 7de205bd-e851-4579-8940-4f2cbb3b21ee, Email: local-admin@plandex.ai, OrgId: 6aaef103-b1ab-4c8c-8042-c121f40001ba
2025/06/02 09:27:22.492135 plans_context.go:225: planId:  d3b58b68-f88c-4f6f-b115-aaf7810fef61
2025/06/02 09:27:22.492161 auth_helpers.go:648: authorizing plan
2025/06/02 09:27:22.495417 queue.go:317: [Queue] ExecRepoOperation called for plan d3b58b68-f88c-4f6f-b115-aaf7810fef61, branch main, scope w, reason update contexts
2025/06/02 09:27:22.503001 locks.go:166: [Lock][943] got lockable plan id for d3b58b68-f88c-4f6f-b115-aaf7810fef61 | reason: update contexts
2025/06/02 09:27:22.504693 locks.go:227: [Lock][943] 0 locks found, 0 expired | reason: update contexts
2025/06/02 09:27:22.509172 locks.go:383: Lock acquired: 5835b304-b827-4305-91d1-1871f8c0b1ad for plan d3b58b68-f88c-4f6f-b115-aaf7810fef61 with scope w | reason: update contexts
2025/06/02 09:27:22.509317 git.go:603: [Git] gitRemoveIndexLockFileIfExists - repoDir: /tmp/plandex_server_data/orgs/6aaef103-b1ab-4c8c-8042-c121f40001ba/plans/d3b58b68-f88c-4f6f-b115-aaf7810fef61
2025/06/02 09:27:22.509417 locks.go:401: [Lock][Heartbeat] Will update heartbeat for d3b58b68-f88c-4f6f-b115-aaf7810fef61 | update contexts | Heartbeat interval: 3s, jitter: 49.179884ms
2025/06/02 09:27:22.509444 git.go:427: [Git] gitCheckoutBranch - repoDir: /tmp/plandex_server_data/orgs/6aaef103-b1ab-4c8c-8042-c121f40001ba/plans/d3b58b68-f88c-4f6f-b115-aaf7810fef61, branch: main
2025/06/02 09:27:22.509493 git.go:603: [Git] gitRemoveIndexLockFileIfExists - repoDir: /tmp/plandex_server_data/orgs/6aaef103-b1ab-4c8c-8042-c121f40001ba/plans/d3b58b68-f88c-4f6f-b115-aaf7810fef61
2025/06/02 09:27:22.512734 git.go:443: [Git] gitCheckoutBranch - currentBranch: main
2025/06/02 09:27:22.512818 git.go:446: [Git] gitCheckoutBranch - already on branch main, skipping
2025/06/02 09:27:22.512835 locks.go:464: [Lock] d3b58b68-f88c-4f6f-b115-aaf7810fef61 | update contexts | Checked out branch
2025/06/02 09:27:22.512860 queue.go:190: [Queue] Acquired DB lock 5835b304-b827-4305-91d1-1871f8c0b1ad
2025/06/02 09:27:22.515063 settings_helpers.go:53: GetPlanSettings - settings found in file
2025/06/02 09:27:22.527599 result_helpers.go:173: Got contexts: 1
2025/06/02 09:27:22.632956 context_helpers_store.go:89: StoreContext - context.MapParts length 455
2025/06/02 09:27:22.633059 context_helpers_store.go:104: StoreContext - mapCachePath /tmp/plandex_server_data/orgs/6aaef103-b1ab-4c8c-8042-c121f40001ba/projects/937532f3-b441-4fca-a384-61b11b163b48/map_cache/5058f1af8388633f609cadb75a75dc9d.json
2025/06/02 09:27:22.643148 git.go:66: [Git] GitAddAndCommit - orgId: 6aaef103-b1ab-4c8c-8042-c121f40001ba, planId: d3b58b68-f88c-4f6f-b115-aaf7810fef61, branch: main, message: Updated 1 map in context | added → 0 🪙 | total → 41279 🪙

+---------+------+----+
|  NAME   | TYPE | 🪙 |
+---------+------+----+
| [92;1m 🗺️  cwd[0m | [92mmap[0m  | [92m+0[0m |
+---------+------+----+
2025/06/02 09:27:22.643216 git.go:647: [Git] gitWriteOperation - label: GitAddAndCommit > gitAdd: plan=d3b58b68-f88c-4f6f-b115-aaf7810fef61 branch=main
2025/06/02 09:27:22.643229 git.go:603: [Git] gitRemoveIndexLockFileIfExists - repoDir: /tmp/plandex_server_data/orgs/6aaef103-b1ab-4c8c-8042-c121f40001ba/plans/d3b58b68-f88c-4f6f-b115-aaf7810fef61
2025/06/02 09:27:22.657517 git.go:647: [Git] gitWriteOperation - label: GitAddAndCommit > gitCommit: plan=d3b58b68-f88c-4f6f-b115-aaf7810fef61 branch=main
2025/06/02 09:27:22.657591 git.go:603: [Git] gitRemoveIndexLockFileIfExists - repoDir: /tmp/plandex_server_data/orgs/6aaef103-b1ab-4c8c-8042-c121f40001ba/plans/d3b58b68-f88c-4f6f-b115-aaf7810fef61
2025/06/02 09:27:22.672373 queue.go:193: [Queue] Releasing DB lock 5835b304-b827-4305-91d1-1871f8c0b1ad for plan d3b58b68-f88c-4f6f-b115-aaf7810fef61
2025/06/02 09:27:22.672450 plans_context.go:315: Successfully processed UpdateContextHandler request
2025/06/02 09:27:22.672577 setup.go:59: 

Completed: PUT /plans/d3b58b68-f88c-4f6f-b115-aaf7810fef61/main/context in 187.099444ms

2025/06/02 09:27:22.672715 locks.go:388: [Lock][Heartbeat] Timeout or context canceled during heartbeat loop for lock 5835b304-b827-4305-91d1-1871f8c0b1ad for plan d3b58b68-f88c-4f6f-b115-aaf7810fef61 | reason: update contexts
2025/06/02 09:27:22.673483 locks.go:501: [Lock][Delete][943] Lock released: 5835b304-b827-4305-91d1-1871f8c0b1ad for plan d3b58b68-f88c-4f6f-b115-aaf7810fef61 | update contexts
2025/06/02 09:27:22.673519 queue.go:198: [Queue] DB lock 5835b304-b827-4305-91d1-1871f8c0b1ad released successfully
2025/06/02 09:27:22.714598 handler.go:31: traces export: parse "https://https:%2F%2Flogfire-api.pydantic.dev/v1/traces": invalid port ":%2F%2Flogfire-api.pydantic.dev" after host
2025/06/02 09:27:23.013063 setup.go:57: 

Request: POST /plans/d3b58b68-f88c-4f6f-b115-aaf7810fef61/main/tell

2025/06/02 09:27:23.013208 plans_exec.go:24: Received request for TellPlanHandler ip: localhost
2025/06/02 09:27:23.013218 auth_helpers.go:442: authenticating request
2025/06/02 09:27:23.017722 auth_helpers.go:589: UserId: 7de205bd-e851-4579-8940-4f2cbb3b21ee, Email: local-admin@plandex.ai, OrgId: 6aaef103-b1ab-4c8c-8042-c121f40001ba
2025/06/02 09:27:23.017826 plans_exec.go:35: planId:  d3b58b68-f88c-4f6f-b115-aaf7810fef61
2025/06/02 09:27:23.017839 auth_helpers.go:648: authorizing plan
2025/06/02 09:27:23.020622 settings_helpers.go:53: GetPlanSettings - settings found in file
2025/06/02 09:27:23.020875 tell_exec.go:45: Tell: Called with plan ID d3b58b68-f88c-4f6f-b115-aaf7810fef61 on branch main (TraceID: 8705a57e2c9e349c969c234374cd8dae)
2025/06/02 09:27:23.020913 activate.go:25: Activate plan: plan ID d3b58b68-f88c-4f6f-b115-aaf7810fef61 on branch main
2025/06/02 09:27:23.020922 activate.go:28: Waiting 100ms before checking for active plan
2025/06/02 09:27:23.121616 activate.go:30: Done waiting, checking for active plan
2025/06/02 09:27:23.167821 activate.go:79: Tell: Model stream stored with ID 1bcf5348-5da1-49ab-b8ac-b0f0f2323a07 for plan ID d3b58b68-f88c-4f6f-b115-aaf7810fef61 on branch main
2025/06/02 09:27:23.167892 activate.go:80: Model stream id: 1bcf5348-5da1-49ab-b8ac-b0f0f2323a07
2025/06/02 09:27:23.167920 tell_exec.go:76: Tell: Tell operation completed successfully for plan ID d3b58b68-f88c-4f6f-b115-aaf7810fef61 on branch main (TraceID: 8705a57e2c9e349c969c234374cd8dae)
2025/06/02 09:27:23.167947 stream_helper.go:20: Response stream manager: starting plan stream
2025/06/02 09:27:23.167988 stream_helper.go:45: Response stream manager: sending initial message
2025/06/02 09:27:23.168036 tell_exec.go:107: [TellExec] Starting iteration 0 for plan d3b58b68-f88c-4f6f-b115-aaf7810fef61 on branch main (TraceID: 8705a57e2c9e349c969c234374cd8dae)
2025/06/02 09:27:23.168056 tell_exec.go:127: [TellExec] Starting iteration 0 for plan d3b58b68-f88c-4f6f-b115-aaf7810fef61 on branch main
2025/06/02 09:27:23.168061 state.go:140: Subscribing to plan d3b58b68-f88c-4f6f-b115-aaf7810fef61
2025/06/02 09:27:23.168067 tell_exec.go:154: Executing WillExecPlanHook
2025/06/02 09:27:23.168074 tell_exec.go:168: execTellPlan - Setting plan status to replying
2025/06/02 09:27:23.171865 tell_exec.go:183: execTellPlan - Plan status set to replying
2025/06/02 09:27:23.171997 tell_exec.go:198: execTellPlan - Loading tell plan
2025/06/02 09:27:23.172035 tell_load.go:50: [TellLoad] Tell plan - loadTellPlan - iteration: 0, missingFileResponse: , req.IsUserContinue: false, lockScope: w
2025/06/02 09:27:23.172062 queue.go:317: [Queue] ExecRepoOperation called for plan d3b58b68-f88c-4f6f-b115-aaf7810fef61, branch main, scope w, reason load tell plan
2025/06/02 09:27:23.179471 locks.go:166: [Lock][1015] got lockable plan id for d3b58b68-f88c-4f6f-b115-aaf7810fef61 | reason: load tell plan
2025/06/02 09:27:23.180297 locks.go:227: [Lock][1015] 0 locks found, 0 expired | reason: load tell plan
2025/06/02 09:27:23.183021 locks.go:383: Lock acquired: 6a2acdd0-9a11-41f0-84b4-3fc9b5bf7ce8 for plan d3b58b68-f88c-4f6f-b115-aaf7810fef61 with scope w | reason: load tell plan
2025/06/02 09:27:23.183100 git.go:603: [Git] gitRemoveIndexLockFileIfExists - repoDir: /tmp/plandex_server_data/orgs/6aaef103-b1ab-4c8c-8042-c121f40001ba/plans/d3b58b68-f88c-4f6f-b115-aaf7810fef61
2025/06/02 09:27:23.183144 locks.go:401: [Lock][Heartbeat] Will update heartbeat for d3b58b68-f88c-4f6f-b115-aaf7810fef61 | load tell plan | Heartbeat interval: 3s, jitter: 32.933422ms
2025/06/02 09:27:23.183177 git.go:427: [Git] gitCheckoutBranch - repoDir: /tmp/plandex_server_data/orgs/6aaef103-b1ab-4c8c-8042-c121f40001ba/plans/d3b58b68-f88c-4f6f-b115-aaf7810fef61, branch: main
2025/06/02 09:27:23.183183 git.go:603: [Git] gitRemoveIndexLockFileIfExists - repoDir: /tmp/plandex_server_data/orgs/6aaef103-b1ab-4c8c-8042-c121f40001ba/plans/d3b58b68-f88c-4f6f-b115-aaf7810fef61
2025/06/02 09:27:23.184585 git.go:443: [Git] gitCheckoutBranch - currentBranch: main
2025/06/02 09:27:23.184637 git.go:446: [Git] gitCheckoutBranch - already on branch main, skipping
2025/06/02 09:27:23.184645 locks.go:464: [Lock] d3b58b68-f88c-4f6f-b115-aaf7810fef61 | load tell plan | Checked out branch
2025/06/02 09:27:23.184667 queue.go:190: [Queue] Acquired DB lock 6a2acdd0-9a11-41f0-84b4-3fc9b5bf7ce8
2025/06/02 09:27:23.184819 settings_helpers.go:53: GetPlanSettings - settings found in file
2025/06/02 09:27:23.184985 tell_load.go:203: getting plan summaries
2025/06/02 09:27:23.185002 tell_load.go:204: convoMessageIds: [26ab7763-bede-4e98-9a47-8cdb7e0387c0 7f4df982-3100-430f-bab3-b1a9bfad08ba daa7f76c-c1ab-4939-9776-7be1696b839d c4b88a0e-a9df-4a3e-9ee4-f613e7d74981]
2025/06/02 09:27:23.185117 tell_load.go:160: [TellLoad] storing user message | len(convo): 4 | num: 5
2025/06/02 09:27:23.185128 tell_load.go:177: [TellLoad] storing user message
2025/06/02 09:27:23.185328 model_request.go:82: Model config - role: names, model: gemini-2.5-pro, max output tokens: 8192
2025/06/02 09:27:23.185375 client_stream.go:267: withStreamingRetries - will run operation
2025/06/02 09:27:23.185420 client_stream.go:105: processChatCompletionStream - modelConfig (map[string]interface {}) (len=2) {
 (string) (len=5) "model": (shared.ModelName) (len=14) "gemini-2.5-pro",
 (string) (len=8) "provider": (shared.ModelProvider) (len=6) "custom"
}

2025/06/02 09:27:23.185449 client.go:195: LLM API call starting - Model: gemini-2.5-pro, Provider: custom (TraceID: 68bb88e5213cc1408a8efd90afb10c28)
2025/06/02 09:27:23.186357 tell_load.go:130: [TellLoad] Tell plan - loadTellPlan - modelContext: 0
2025/06/02 09:27:23.186760 tell_load.go:214: got 0 plan summaries
2025/06/02 09:27:23.187738 convo_helpers.go:163: StoreConvoMessage - message.Flags.CurrentStage.TellStage: 
2025/06/02 09:27:23.187783 convo_helpers.go:164: StoreConvoMessage - message.Subtask: <nil>
2025/06/02 09:27:23.187794 convo_helpers.go:188: [Git] StoreConvoMessage - committing convo message: Message #5 | 💬 User prompt | 1 🪙, branch: main
2025/06/02 09:27:23.187803 git.go:66: [Git] GitAddAndCommit - orgId: 6aaef103-b1ab-4c8c-8042-c121f40001ba, planId: d3b58b68-f88c-4f6f-b115-aaf7810fef61, branch: main, message: Message #5 | 💬 User prompt | 1 🪙
2025/06/02 09:27:23.187815 git.go:647: [Git] gitWriteOperation - label: GitAddAndCommit > gitAdd: plan=d3b58b68-f88c-4f6f-b115-aaf7810fef61 branch=main
2025/06/02 09:27:23.187822 git.go:603: [Git] gitRemoveIndexLockFileIfExists - repoDir: /tmp/plandex_server_data/orgs/6aaef103-b1ab-4c8c-8042-c121f40001ba/plans/d3b58b68-f88c-4f6f-b115-aaf7810fef61
2025/06/02 09:27:23.192275 git.go:647: [Git] gitWriteOperation - label: GitAddAndCommit > gitCommit: plan=d3b58b68-f88c-4f6f-b115-aaf7810fef61 branch=main
2025/06/02 09:27:23.192327 git.go:603: [Git] gitRemoveIndexLockFileIfExists - repoDir: /tmp/plandex_server_data/orgs/6aaef103-b1ab-4c8c-8042-c121f40001ba/plans/d3b58b68-f88c-4f6f-b115-aaf7810fef61
2025/06/02 09:27:23.394796 client_stream.go:274: withStreamingRetries - operation returned error: error creating chat completion stream: status code: 400, body: {"error":{"message":"{\"error\":{\"message\":\"Request contains only system messages. Gemini requires at least one non-system message.\",\"code\":\"invalid_request_body\"}}\n","type":"error"}}
2025/06/02 09:27:23.394840 client_stream.go:287: Error in streaming operation: error creating chat completion stream: status code: 400, body: {"error":{"message":"{\"error\":{\"message\":\"Request contains only system messages. Gemini requires at least one non-system message.\",\"code\":\"invalid_request_body\"}}\n","type":"error"}}, isFallback: false, numTotalRetry: 0, numFallbackRetry: 0, numRetry: 0, compareRetries: 0, maxRetries: 2
2025/06/02 09:27:23.394850 model_error.go:39: Classifying error message: error creating chat completion stream: status code: 400, body: {"error":{"message":"{\"error\":{\"message\":\"Request contains only system messages. Gemini requires at least one non-system message.\",\"code\":\"invalid_request_body\"}}\n","type":"error"}}
2025/06/02 09:27:23.394863 model_error.go:85: No error classification based on message
2025/06/02 09:27:23.394871 client_stream.go:332: withStreamingRetries - retrying stream in 1.073s seconds
2025/06/02 09:27:24.468198 client_stream.go:267: withStreamingRetries - will run operation
2025/06/02 09:27:24.468302 client_stream.go:105: processChatCompletionStream - modelConfig (map[string]interface {}) (len=2) {
 (string) (len=5) "model": (shared.ModelName) (len=14) "gemini-2.5-pro",
 (string) (len=8) "provider": (shared.ModelProvider) (len=6) "custom"
}

2025/06/02 09:27:24.468350 client.go:195: LLM API call starting - Model: gemini-2.5-pro, Provider: custom (TraceID: d5a2895072128e0bbcba9d8767299747)
2025/06/02 09:27:24.687476 client_stream.go:274: withStreamingRetries - operation returned error: error creating chat completion stream: status code: 429, body: {"error":{"message":"too many concurrent vision requests. Please try again later\n","type":"error"}}
2025/06/02 09:27:24.687542 client_stream.go:287: Error in streaming operation: error creating chat completion stream: status code: 429, body: {"error":{"message":"too many concurrent vision requests. Please try again later\n","type":"error"}}, isFallback: false, numTotalRetry: 1, numFallbackRetry: 0, numRetry: 1, compareRetries: 1, maxRetries: 2
2025/06/02 09:27:24.687553 model_error.go:39: Classifying error message: error creating chat completion stream: status code: 429, body: {"error":{"message":"too many concurrent vision requests. Please try again later\n","type":"error"}}
2025/06/02 09:27:24.687565 model_error.go:85: No error classification based on message
2025/06/02 09:27:24.687576 client_stream.go:332: withStreamingRetries - retrying stream in 1.043s seconds
2025/06/02 09:27:25.730703 client_stream.go:267: withStreamingRetries - will run operation
2025/06/02 09:27:25.730823 client_stream.go:105: processChatCompletionStream - modelConfig (map[string]interface {}) (len=2) {
 (string) (len=8) "provider": (shared.ModelProvider) (len=6) "custom",
 (string) (len=5) "model": (shared.ModelName) (len=14) "gemini-2.5-pro"
}

2025/06/02 09:27:25.730856 client.go:195: LLM API call starting - Model: gemini-2.5-pro, Provider: custom (TraceID: 2ab936b971b389b0d3d56160eb8b6e8f)
2025/06/02 09:27:25.912568 client_stream.go:274: withStreamingRetries - operation returned error: error creating chat completion stream: status code: 429, body: {"error":{"message":"too many concurrent vision requests. Please try again later\n","type":"error"}}
2025/06/02 09:27:25.912624 client_stream.go:287: Error in streaming operation: error creating chat completion stream: status code: 429, body: {"error":{"message":"too many concurrent vision requests. Please try again later\n","type":"error"}}, isFallback: false, numTotalRetry: 2, numFallbackRetry: 0, numRetry: 2, compareRetries: 2, maxRetries: 2
2025/06/02 09:27:25.912641 model_error.go:39: Classifying error message: error creating chat completion stream: status code: 429, body: {"error":{"message":"too many concurrent vision requests. Please try again later\n","type":"error"}}
2025/06/02 09:27:25.912654 model_error.go:85: No error classification based on message
2025/06/02 09:27:25.912664 client_stream.go:319: withStreamingRetries - compareRetries >= maxRetries - returning error
Error during plan name model call: error creating chat completion stream: status code: 429, body: {"error":{"message":"too many concurrent vision requests. Please try again later\n","type":"error"}}
2025/06/02 09:27:25.912674 tell_load.go:86: Error generating plan name: error creating chat completion stream: status code: 429, body: {"error":{"message":"too many concurrent vision requests. Please try again later\n","type":"error"}}
2025/06/02 09:27:25.912744 queue.go:193: [Queue] Releasing DB lock 6a2acdd0-9a11-41f0-84b4-3fc9b5bf7ce8 for plan d3b58b68-f88c-4f6f-b115-aaf7810fef61
2025/06/02 09:27:25.912767 state.go:44: case apiErr := <-activePlan.StreamDoneCh: d3b58b68-f88c-4f6f-b115-aaf7810fef61
2025/06/02 09:27:25.912801 state.go:45: apiErr: 500 Error: Error loading plan: error generating plan name: error creating chat completion stream: status code: 429, body: {"error":{"message":"too many concurrent vision requests. Please try again later\n","type":"error"}}
2025/06/02 09:27:25.912806 tell_load.go:279: execTellPlan: error loading tell plan: error generating plan name: error creating chat completion stream: status code: 429, body: {"error":{"message":"too many concurrent vision requests. Please try again later\n","type":"error"}}
2025/06/02 09:27:25.912814 state.go:61: Error streaming plan d3b58b68-f88c-4f6f-b115-aaf7810fef61: 500 Error: Error loading plan: error generating plan name: error creating chat completion stream: status code: 429, body: {"error":{"message":"too many concurrent vision requests. Please try again later\n","type":"error"}}
2025/06/02 09:27:25.913620 locks.go:501: [Lock][Delete][1015] Lock released: 6a2acdd0-9a11-41f0-84b4-3fc9b5bf7ce8 for plan d3b58b68-f88c-4f6f-b115-aaf7810fef61 | load tell plan
2025/06/02 09:27:25.913665 queue.go:198: [Queue] DB lock 6a2acdd0-9a11-41f0-84b4-3fc9b5bf7ce8 released successfully
2025/06/02 09:27:25.916348 state.go:68: Sending error message to client
2025/06/02 09:27:25.916400 active_plan.go:198: ActivePlan.Stream: skipping buffer for special message
2025/06/02 09:27:25.916467 active_plan.go:199: (shared.StreamMessage) {
 Type: (shared.StreamMessageType) (len=5) "error",
 ReplyChunk: (string) "",
 BuildInfo: (*shared.BuildInfo)(<nil>),
 Description: (*shared.ConvoMessageDescription)(<nil>),
 Error: (*shared.ApiError)(0xc000bef140)(500 Error: Error loading plan: error generating plan name: error creating chat completion stream: status code: 429, body: {"error":{"message":"too many concurrent vision requests. Please try again later\n","type":"error"}}),
 MissingFilePath: (string) "",
 MissingFileAutoContext: (bool) false,
 ModelStreamId: (string) "",
 LoadContextFiles: ([]string) <nil>,
 InitPrompt: (string) "",
 InitReplies: ([]string) <nil>,
 InitBuildOnly: (bool) false,
 StreamMessages: ([]shared.StreamMessage) <nil>
}

2025/06/02 09:27:25.916510 state.go:75: Stopping any active summary stream
2025/06/02 09:27:25.916523 state.go:78: Waiting 100ms after streaming error before canceling active plan
2025/06/02 09:27:25.916929 stream_helper.go:94: Response stream manager: request context done
2025/06/02 09:27:25.916968 stream_helper.go:64: Response stream manager: client stream closed
2025/06/02 09:27:25.916976 state.go:157: UnsubscribePlan d3b58b68-f88c-4f6f-b115-aaf7810fef61 - main - dee46213-85e2-436d-9337-5f3597d08f77
2025/06/02 09:27:25.917006 state.go:168: Unsubscribed from plan d3b58b68-f88c-4f6f-b115-aaf7810fef61 - main - dee46213-85e2-436d-9337-5f3597d08f77
2025/06/02 09:27:25.917015 plans_exec.go:97: Successfully processed request for TellPlanHandler
2025/06/02 09:27:25.917024 plans_exec.go:50: Closing request body
2025/06/02 09:27:25.917070 setup.go:59: 

Completed: POST /plans/d3b58b68-f88c-4f6f-b115-aaf7810fef61/main/tell in 2.904006432s

2025/06/02 09:27:26.017626 state.go:83: Cancelling active plan
2025/06/02 09:27:26.017726 state.go:96: Deleting active plan d3b58b68-f88c-4f6f-b115-aaf7810fef61 - main - 6aaef103-b1ab-4c8c-8042-c121f40001ba
2025/06/02 09:27:26.017758 state.go:107: Clearing uncommitted changes for plan d3b58b68-f88c-4f6f-b115-aaf7810fef61 - main - 6aaef103-b1ab-4c8c-8042-c121f40001ba
2025/06/02 09:27:26.017769 queue.go:317: [Queue] ExecRepoOperation called for plan d3b58b68-f88c-4f6f-b115-aaf7810fef61, branch main, scope w, reason delete active plan
2025/06/02 09:27:26.017761 active_plan.go:136: ActivePlan stream manager returned
2025/06/02 09:27:26.017839 locks.go:388: [Lock][Heartbeat] Timeout or context canceled during heartbeat loop for lock 6a2acdd0-9a11-41f0-84b4-3fc9b5bf7ce8 for plan d3b58b68-f88c-4f6f-b115-aaf7810fef61 | reason: load tell plan
2025/06/02 09:27:26.022073 locks.go:166: [Lock][918] got lockable plan id for d3b58b68-f88c-4f6f-b115-aaf7810fef61 | reason: delete active plan
2025/06/02 09:27:26.023128 locks.go:227: [Lock][918] 0 locks found, 0 expired | reason: delete active plan
2025/06/02 09:27:26.026256 locks.go:383: Lock acquired: 80c3e675-46cf-42ca-9b84-add5be383246 for plan d3b58b68-f88c-4f6f-b115-aaf7810fef61 with scope w | reason: delete active plan
2025/06/02 09:27:26.026354 git.go:603: [Git] gitRemoveIndexLockFileIfExists - repoDir: /tmp/plandex_server_data/orgs/6aaef103-b1ab-4c8c-8042-c121f40001ba/plans/d3b58b68-f88c-4f6f-b115-aaf7810fef61
2025/06/02 09:27:26.026376 locks.go:401: [Lock][Heartbeat] Will update heartbeat for d3b58b68-f88c-4f6f-b115-aaf7810fef61 | delete active plan | Heartbeat interval: 3s, jitter: 93.71292ms
2025/06/02 09:27:26.026441 git.go:427: [Git] gitCheckoutBranch - repoDir: /tmp/plandex_server_data/orgs/6aaef103-b1ab-4c8c-8042-c121f40001ba/plans/d3b58b68-f88c-4f6f-b115-aaf7810fef61, branch: main
2025/06/02 09:27:26.026468 git.go:603: [Git] gitRemoveIndexLockFileIfExists - repoDir: /tmp/plandex_server_data/orgs/6aaef103-b1ab-4c8c-8042-c121f40001ba/plans/d3b58b68-f88c-4f6f-b115-aaf7810fef61
2025/06/02 09:27:26.030912 git.go:443: [Git] gitCheckoutBranch - currentBranch: main
2025/06/02 09:27:26.031015 git.go:446: [Git] gitCheckoutBranch - already on branch main, skipping
2025/06/02 09:27:26.031044 locks.go:464: [Lock] d3b58b68-f88c-4f6f-b115-aaf7810fef61 | delete active plan | Checked out branch
2025/06/02 09:27:26.031059 queue.go:190: [Queue] Acquired DB lock 80c3e675-46cf-42ca-9b84-add5be383246
2025/06/02 09:27:26.031093 state.go:119: Starting clear uncommitted changes for plan d3b58b68-f88c-4f6f-b115-aaf7810fef61 - main - 6aaef103-b1ab-4c8c-8042-c121f40001ba
2025/06/02 09:27:26.031134 git.go:335: [Git] GitClearUncommittedChanges - orgId: 6aaef103-b1ab-4c8c-8042-c121f40001ba, planId: d3b58b68-f88c-4f6f-b115-aaf7810fef61, branch: main
2025/06/02 09:27:26.034572 git.go:647: [Git] gitWriteOperation - label: GitClearUncommittedChanges > gitReset: plan=d3b58b68-f88c-4f6f-b115-aaf7810fef61
2025/06/02 09:27:26.034669 git.go:356: [Git] GitClearUncommittedChanges - resetting staged changes for plan d3b58b68-f88c-4f6f-b115-aaf7810fef61
2025/06/02 09:27:26.037411 git.go:361: [Git] GitClearUncommittedChanges - reset staged changes finished for plan d3b58b68-f88c-4f6f-b115-aaf7810fef61
2025/06/02 09:27:26.037488 git.go:647: [Git] gitWriteOperation - label: GitClearUncommittedChanges > gitClean: plan=d3b58b68-f88c-4f6f-b115-aaf7810fef61
2025/06/02 09:27:26.037498 git.go:371: [Git] GitClearUncommittedChanges - cleaning untracked files for plan d3b58b68-f88c-4f6f-b115-aaf7810fef61
2025/06/02 09:27:26.039027 git.go:376: [Git] GitClearUncommittedChanges - clean untracked files finished for plan d3b58b68-f88c-4f6f-b115-aaf7810fef61
2025/06/02 09:27:26.039077 state.go:121: Finished clear uncommitted changes for plan d3b58b68-f88c-4f6f-b115-aaf7810fef61 - main - 6aaef103-b1ab-4c8c-8042-c121f40001ba
2025/06/02 09:27:26.039090 state.go:122: Error: <nil>
2025/06/02 09:27:26.039119 queue.go:193: [Queue] Releasing DB lock 80c3e675-46cf-42ca-9b84-add5be383246 for plan d3b58b68-f88c-4f6f-b115-aaf7810fef61
2025/06/02 09:27:26.039149 state.go:132: Deleted active plan d3b58b68-f88c-4f6f-b115-aaf7810fef61 - main - 6aaef103-b1ab-4c8c-8042-c121f40001ba
2025/06/02 09:27:26.039205 locks.go:388: [Lock][Heartbeat] Timeout or context canceled during heartbeat loop for lock 80c3e675-46cf-42ca-9b84-add5be383246 for plan d3b58b68-f88c-4f6f-b115-aaf7810fef61 | reason: delete active plan
2025/06/02 09:27:26.040266 locks.go:501: [Lock][Delete][918] Lock released: 80c3e675-46cf-42ca-9b84-add5be383246 for plan d3b58b68-f88c-4f6f-b115-aaf7810fef61 | delete active plan
2025/06/02 09:27:26.040301 queue.go:198: [Queue] DB lock 80c3e675-46cf-42ca-9b84-add5be383246 released successfully
2025/06/02 09:27:26.255819 stream_helpers.go:76: Setting model stream finished: 1bcf5348-5da1-49ab-b8ac-b0f0f2323a07
2025/06/02 09:27:26.258690 stream_helpers.go:84: Set model stream finished successfully: 1bcf5348-5da1-49ab-b8ac-b0f0f2323a07
2025/06/02 09:27:27.715916 handler.go:31: traces export: parse "https://https:%2F%2Flogfire-api.pydantic.dev/v1/traces": invalid port ":%2F%2Flogfire-api.pydantic.dev" after host
2025/06/02 09:29:43.787094 setup.go:57: 

Request: GET /plans/d3b58b68-f88c-4f6f-b115-aaf7810fef61/config

2025/06/02 09:29:43.787578 plan_config.go:17: Received request for GetPlanConfigHandler
2025/06/02 09:29:43.787688 auth_helpers.go:442: authenticating request
2025/06/02 09:29:43.799450 auth_helpers.go:589: UserId: 7de205bd-e851-4579-8940-4f2cbb3b21ee, Email: local-admin@plandex.ai, OrgId: 6aaef103-b1ab-4c8c-8042-c121f40001ba
2025/06/02 09:29:43.799683 plan_config.go:27: planId:  d3b58b68-f88c-4f6f-b115-aaf7810fef61
2025/06/02 09:29:43.799719 auth_helpers.go:648: authorizing plan
2025/06/02 09:29:43.802684 plan_config.go:53: GetPlanConfigHandler processed successfully
2025/06/02 09:29:43.802879 setup.go:59: 

Completed: GET /plans/d3b58b68-f88c-4f6f-b115-aaf7810fef61/config in 15.784269ms

2025/06/02 09:29:43.803968 setup.go:57: 

Request: GET /plans/d3b58b68-f88c-4f6f-b115-aaf7810fef61/main/settings

2025/06/02 09:29:43.804318 settings.go:19: Received request for GetSettingsHandler
2025/06/02 09:29:43.804389 auth_helpers.go:442: authenticating request
2025/06/02 09:29:43.808951 auth_helpers.go:589: UserId: 7de205bd-e851-4579-8940-4f2cbb3b21ee, Email: local-admin@plandex.ai, OrgId: 6aaef103-b1ab-4c8c-8042-c121f40001ba
2025/06/02 09:29:43.809059 settings.go:30: planId:  d3b58b68-f88c-4f6f-b115-aaf7810fef61 branch:  main
2025/06/02 09:29:43.809074 auth_helpers.go:648: authorizing plan
2025/06/02 09:29:43.810788 queue.go:317: [Queue] ExecRepoOperation called for plan d3b58b68-f88c-4f6f-b115-aaf7810fef61, branch main, scope r, reason get settings
2025/06/02 09:29:43.818122 locks.go:166: [Lock][1006] got lockable plan id for d3b58b68-f88c-4f6f-b115-aaf7810fef61 | reason: get settings
2025/06/02 09:29:43.820216 locks.go:227: [Lock][1006] 0 locks found, 0 expired | reason: get settings
2025/06/02 09:29:43.832708 locks.go:383: Lock acquired: 931bb1d4-e232-4729-8504-caf1cf636ca9 for plan d3b58b68-f88c-4f6f-b115-aaf7810fef61 with scope r | reason: get settings
2025/06/02 09:29:43.833017 git.go:603: [Git] gitRemoveIndexLockFileIfExists - repoDir: /tmp/plandex_server_data/orgs/6aaef103-b1ab-4c8c-8042-c121f40001ba/plans/d3b58b68-f88c-4f6f-b115-aaf7810fef61
2025/06/02 09:29:43.833129 locks.go:401: [Lock][Heartbeat] Will update heartbeat for d3b58b68-f88c-4f6f-b115-aaf7810fef61 | get settings | Heartbeat interval: 3s, jitter: 299.90249ms
2025/06/02 09:29:43.833196 git.go:427: [Git] gitCheckoutBranch - repoDir: /tmp/plandex_server_data/orgs/6aaef103-b1ab-4c8c-8042-c121f40001ba/plans/d3b58b68-f88c-4f6f-b115-aaf7810fef61, branch: main
2025/06/02 09:29:43.833209 git.go:603: [Git] gitRemoveIndexLockFileIfExists - repoDir: /tmp/plandex_server_data/orgs/6aaef103-b1ab-4c8c-8042-c121f40001ba/plans/d3b58b68-f88c-4f6f-b115-aaf7810fef61
2025/06/02 09:29:43.835773 git.go:443: [Git] gitCheckoutBranch - currentBranch: main
2025/06/02 09:29:43.835876 git.go:446: [Git] gitCheckoutBranch - already on branch main, skipping
2025/06/02 09:29:43.835891 locks.go:464: [Lock] d3b58b68-f88c-4f6f-b115-aaf7810fef61 | get settings | Checked out branch
2025/06/02 09:29:43.835916 queue.go:190: [Queue] Acquired DB lock 931bb1d4-e232-4729-8504-caf1cf636ca9
2025/06/02 09:29:43.836040 settings_helpers.go:53: GetPlanSettings - settings found in file
2025/06/02 09:29:43.836579 queue.go:193: [Queue] Releasing DB lock 931bb1d4-e232-4729-8504-caf1cf636ca9 for plan d3b58b68-f88c-4f6f-b115-aaf7810fef61
2025/06/02 09:29:43.836796 settings.go:74: GetSettingsHandler processed successfully
2025/06/02 09:29:43.837078 setup.go:59: 

Completed: GET /plans/d3b58b68-f88c-4f6f-b115-aaf7810fef61/main/settings in 33.109894ms

2025/06/02 09:29:43.837206 locks.go:388: [Lock][Heartbeat] Timeout or context canceled during heartbeat loop for lock 931bb1d4-e232-4729-8504-caf1cf636ca9 for plan d3b58b68-f88c-4f6f-b115-aaf7810fef61 | reason: get settings
2025/06/02 09:29:43.838142 locks.go:501: [Lock][Delete][1006] Lock released: 931bb1d4-e232-4729-8504-caf1cf636ca9 for plan d3b58b68-f88c-4f6f-b115-aaf7810fef61 | get settings
2025/06/02 09:29:43.838208 queue.go:198: [Queue] DB lock 931bb1d4-e232-4729-8504-caf1cf636ca9 released successfully
2025/06/02 09:29:44.154705 setup.go:57: 

Request: GET /plans/d3b58b68-f88c-4f6f-b115-aaf7810fef61/main/context

2025/06/02 09:29:44.154863 plans_context.go:18: Received request for ListContextHandler
2025/06/02 09:29:44.154875 auth_helpers.go:442: authenticating request
2025/06/02 09:29:44.159180 auth_helpers.go:589: UserId: 7de205bd-e851-4579-8940-4f2cbb3b21ee, Email: local-admin@plandex.ai, OrgId: 6aaef103-b1ab-4c8c-8042-c121f40001ba
2025/06/02 09:29:44.159275 plans_context.go:28: planId:  d3b58b68-f88c-4f6f-b115-aaf7810fef61 branch:  main
2025/06/02 09:29:44.159286 auth_helpers.go:648: authorizing plan
2025/06/02 09:29:44.161054 queue.go:317: [Queue] ExecRepoOperation called for plan d3b58b68-f88c-4f6f-b115-aaf7810fef61, branch main, scope r, reason list contexts
2025/06/02 09:29:44.168861 locks.go:166: [Lock][1051] got lockable plan id for d3b58b68-f88c-4f6f-b115-aaf7810fef61 | reason: list contexts
2025/06/02 09:29:44.170055 locks.go:227: [Lock][1051] 0 locks found, 0 expired | reason: list contexts
2025/06/02 09:29:44.173611 locks.go:383: Lock acquired: ac6094c8-4d69-429e-9027-e57b6a71a1fa for plan d3b58b68-f88c-4f6f-b115-aaf7810fef61 with scope r | reason: list contexts
2025/06/02 09:29:44.173744 git.go:603: [Git] gitRemoveIndexLockFileIfExists - repoDir: /tmp/plandex_server_data/orgs/6aaef103-b1ab-4c8c-8042-c121f40001ba/plans/d3b58b68-f88c-4f6f-b115-aaf7810fef61
2025/06/02 09:29:44.173800 locks.go:401: [Lock][Heartbeat] Will update heartbeat for d3b58b68-f88c-4f6f-b115-aaf7810fef61 | list contexts | Heartbeat interval: 3s, jitter: 297.719116ms
2025/06/02 09:29:44.173826 git.go:427: [Git] gitCheckoutBranch - repoDir: /tmp/plandex_server_data/orgs/6aaef103-b1ab-4c8c-8042-c121f40001ba/plans/d3b58b68-f88c-4f6f-b115-aaf7810fef61, branch: main
2025/06/02 09:29:44.173834 git.go:603: [Git] gitRemoveIndexLockFileIfExists - repoDir: /tmp/plandex_server_data/orgs/6aaef103-b1ab-4c8c-8042-c121f40001ba/plans/d3b58b68-f88c-4f6f-b115-aaf7810fef61
2025/06/02 09:29:44.176336 handler.go:31: traces export: parse "https://https:%2F%2Flogfire-api.pydantic.dev/v1/traces": invalid port ":%2F%2Flogfire-api.pydantic.dev" after host
2025/06/02 09:29:44.182293 git.go:443: [Git] gitCheckoutBranch - currentBranch: main
2025/06/02 09:29:44.182393 git.go:446: [Git] gitCheckoutBranch - already on branch main, skipping
2025/06/02 09:29:44.182408 locks.go:464: [Lock] d3b58b68-f88c-4f6f-b115-aaf7810fef61 | list contexts | Checked out branch
2025/06/02 09:29:44.182431 queue.go:190: [Queue] Acquired DB lock ac6094c8-4d69-429e-9027-e57b6a71a1fa
2025/06/02 09:29:44.185939 queue.go:193: [Queue] Releasing DB lock ac6094c8-4d69-429e-9027-e57b6a71a1fa for plan d3b58b68-f88c-4f6f-b115-aaf7810fef61
2025/06/02 09:29:44.186821 setup.go:59: 

Completed: GET /plans/d3b58b68-f88c-4f6f-b115-aaf7810fef61/main/context in 32.115066ms

2025/06/02 09:29:44.186930 locks.go:388: [Lock][Heartbeat] Timeout or context canceled during heartbeat loop for lock ac6094c8-4d69-429e-9027-e57b6a71a1fa for plan d3b58b68-f88c-4f6f-b115-aaf7810fef61 | reason: list contexts
2025/06/02 09:29:44.187282 locks.go:501: [Lock][Delete][1051] Lock released: ac6094c8-4d69-429e-9027-e57b6a71a1fa for plan d3b58b68-f88c-4f6f-b115-aaf7810fef61 | list contexts
2025/06/02 09:29:44.187332 queue.go:198: [Queue] DB lock ac6094c8-4d69-429e-9027-e57b6a71a1fa released successfully
2025/06/02 09:29:45.114290 setup.go:57: 

Request: POST /file_map

2025/06/02 09:29:45.114508 file_maps.go:17: Received request for GetFileMapHandler
2025/06/02 09:29:45.114528 auth_helpers.go:442: authenticating request
2025/06/02 09:29:45.119440 auth_helpers.go:589: UserId: 7de205bd-e851-4579-8940-4f2cbb3b21ee, Email: local-admin@plandex.ai, OrgId: 6aaef103-b1ab-4c8c-8042-c121f40001ba
2025/06/02 09:29:45.119611 file_maps.go:31: GetFileMapHandler: checking limits
2025/06/02 09:29:45.119635 file_maps_queue.go:71: queueProjectMapJob: len(projectMapQueue): 0
2025/06/02 09:29:45.119671 file_maps_queue.go:85: mapWorker: len(job.inputs): 1
2025/06/02 09:29:45.119762 file_maps.go:99: GetFileMapHandler success - writing response bytes: 90
2025/06/02 09:29:45.119826 setup.go:59: 

Completed: POST /file_map in 5.536493ms

2025/06/02 09:29:45.120751 setup.go:57: 

Request: GET /plans/d3b58b68-f88c-4f6f-b115-aaf7810fef61/main/current_plan

2025/06/02 09:29:45.120897 plans_changes.go:20: Received request for CurrentPlanHandler
2025/06/02 09:29:45.120917 auth_helpers.go:442: authenticating request
2025/06/02 09:29:45.126419 auth_helpers.go:589: UserId: 7de205bd-e851-4579-8940-4f2cbb3b21ee, Email: local-admin@plandex.ai, OrgId: 6aaef103-b1ab-4c8c-8042-c121f40001ba
2025/06/02 09:29:45.126550 plans_changes.go:32: planId:  d3b58b68-f88c-4f6f-b115-aaf7810fef61 branch:  main sha:  
2025/06/02 09:29:45.126573 auth_helpers.go:648: authorizing plan
2025/06/02 09:29:45.229332 plans_changes.go:46: locking with scope: r
2025/06/02 09:29:45.229491 queue.go:317: [Queue] ExecRepoOperation called for plan d3b58b68-f88c-4f6f-b115-aaf7810fef61, branch main, scope r, reason get current plan state
2025/06/02 09:29:45.232964 locks.go:166: [Lock][1112] got lockable plan id for d3b58b68-f88c-4f6f-b115-aaf7810fef61 | reason: get current plan state
2025/06/02 09:29:45.234328 locks.go:227: [Lock][1112] 0 locks found, 0 expired | reason: get current plan state
2025/06/02 09:29:45.237750 locks.go:383: Lock acquired: a4150b48-dca6-427e-ba34-8cc72cf7dbe7 for plan d3b58b68-f88c-4f6f-b115-aaf7810fef61 with scope r | reason: get current plan state
2025/06/02 09:29:45.237886 git.go:603: [Git] gitRemoveIndexLockFileIfExists - repoDir: /tmp/plandex_server_data/orgs/6aaef103-b1ab-4c8c-8042-c121f40001ba/plans/d3b58b68-f88c-4f6f-b115-aaf7810fef61
2025/06/02 09:29:45.237964 git.go:427: [Git] gitCheckoutBranch - repoDir: /tmp/plandex_server_data/orgs/6aaef103-b1ab-4c8c-8042-c121f40001ba/plans/d3b58b68-f88c-4f6f-b115-aaf7810fef61, branch: main
2025/06/02 09:29:45.237975 git.go:603: [Git] gitRemoveIndexLockFileIfExists - repoDir: /tmp/plandex_server_data/orgs/6aaef103-b1ab-4c8c-8042-c121f40001ba/plans/d3b58b68-f88c-4f6f-b115-aaf7810fef61
2025/06/02 09:29:45.237950 locks.go:401: [Lock][Heartbeat] Will update heartbeat for d3b58b68-f88c-4f6f-b115-aaf7810fef61 | get current plan state | Heartbeat interval: 3s, jitter: 242.393308ms
2025/06/02 09:29:45.242843 git.go:443: [Git] gitCheckoutBranch - currentBranch: main
2025/06/02 09:29:45.242950 git.go:446: [Git] gitCheckoutBranch - already on branch main, skipping
2025/06/02 09:29:45.242965 locks.go:464: [Lock] d3b58b68-f88c-4f6f-b115-aaf7810fef61 | get current plan state | Checked out branch
2025/06/02 09:29:45.242987 queue.go:190: [Queue] Acquired DB lock a4150b48-dca6-427e-ba34-8cc72cf7dbe7
2025/06/02 09:29:45.245715 result_helpers.go:173: Got contexts: 1
2025/06/02 09:29:45.245845 queue.go:193: [Queue] Releasing DB lock a4150b48-dca6-427e-ba34-8cc72cf7dbe7 for plan d3b58b68-f88c-4f6f-b115-aaf7810fef61
2025/06/02 09:29:45.247260 locks.go:501: [Lock][Delete][1112] Lock released: a4150b48-dca6-427e-ba34-8cc72cf7dbe7 for plan d3b58b68-f88c-4f6f-b115-aaf7810fef61 | get current plan state
2025/06/02 09:29:45.247368 queue.go:198: [Queue] DB lock a4150b48-dca6-427e-ba34-8cc72cf7dbe7 released successfully
2025/06/02 09:29:45.248272 plans_changes.go:101: Successfully retrieved current plan state
2025/06/02 09:29:45.248541 setup.go:59: 

Completed: GET /plans/d3b58b68-f88c-4f6f-b115-aaf7810fef61/main/current_plan in 127.789069ms

2025/06/02 09:29:45.248637 locks.go:388: [Lock][Heartbeat] Timeout or context canceled during heartbeat loop for lock a4150b48-dca6-427e-ba34-8cc72cf7dbe7 for plan d3b58b68-f88c-4f6f-b115-aaf7810fef61 | reason: get current plan state
2025/06/02 09:29:45.253185 setup.go:57: 

Request: PUT /plans/d3b58b68-f88c-4f6f-b115-aaf7810fef61/main/context

2025/06/02 09:29:45.253392 plans_context.go:215: Received request for UpdateContextHandler
2025/06/02 09:29:45.253432 auth_helpers.go:442: authenticating request
2025/06/02 09:29:45.259184 auth_helpers.go:589: UserId: 7de205bd-e851-4579-8940-4f2cbb3b21ee, Email: local-admin@plandex.ai, OrgId: 6aaef103-b1ab-4c8c-8042-c121f40001ba
2025/06/02 09:29:45.259333 plans_context.go:225: planId:  d3b58b68-f88c-4f6f-b115-aaf7810fef61
2025/06/02 09:29:45.259352 auth_helpers.go:648: authorizing plan
2025/06/02 09:29:45.261725 queue.go:317: [Queue] ExecRepoOperation called for plan d3b58b68-f88c-4f6f-b115-aaf7810fef61, branch main, scope w, reason update contexts
2025/06/02 09:29:45.266854 locks.go:166: [Lock][1119] got lockable plan id for d3b58b68-f88c-4f6f-b115-aaf7810fef61 | reason: update contexts
2025/06/02 09:29:45.268132 locks.go:227: [Lock][1119] 0 locks found, 0 expired | reason: update contexts
2025/06/02 09:29:45.271275 locks.go:383: Lock acquired: d7e7a25c-7980-4972-a832-4f83a3346a58 for plan d3b58b68-f88c-4f6f-b115-aaf7810fef61 with scope w | reason: update contexts
2025/06/02 09:29:45.271381 git.go:603: [Git] gitRemoveIndexLockFileIfExists - repoDir: /tmp/plandex_server_data/orgs/6aaef103-b1ab-4c8c-8042-c121f40001ba/plans/d3b58b68-f88c-4f6f-b115-aaf7810fef61
2025/06/02 09:29:45.271443 git.go:427: [Git] gitCheckoutBranch - repoDir: /tmp/plandex_server_data/orgs/6aaef103-b1ab-4c8c-8042-c121f40001ba/plans/d3b58b68-f88c-4f6f-b115-aaf7810fef61, branch: main
2025/06/02 09:29:45.271453 git.go:603: [Git] gitRemoveIndexLockFileIfExists - repoDir: /tmp/plandex_server_data/orgs/6aaef103-b1ab-4c8c-8042-c121f40001ba/plans/d3b58b68-f88c-4f6f-b115-aaf7810fef61
2025/06/02 09:29:45.271464 locks.go:401: [Lock][Heartbeat] Will update heartbeat for d3b58b68-f88c-4f6f-b115-aaf7810fef61 | update contexts | Heartbeat interval: 3s, jitter: 43.018406ms
2025/06/02 09:29:45.273930 git.go:443: [Git] gitCheckoutBranch - currentBranch: main
2025/06/02 09:29:45.274035 git.go:446: [Git] gitCheckoutBranch - already on branch main, skipping
2025/06/02 09:29:45.274050 locks.go:464: [Lock] d3b58b68-f88c-4f6f-b115-aaf7810fef61 | update contexts | Checked out branch
2025/06/02 09:29:45.274075 queue.go:190: [Queue] Acquired DB lock d7e7a25c-7980-4972-a832-4f83a3346a58
2025/06/02 09:29:45.275665 settings_helpers.go:53: GetPlanSettings - settings found in file
2025/06/02 09:29:45.289784 result_helpers.go:173: Got contexts: 1
2025/06/02 09:29:45.567819 context_helpers_store.go:89: StoreContext - context.MapParts length 455
2025/06/02 09:29:45.567969 context_helpers_store.go:104: StoreContext - mapCachePath /tmp/plandex_server_data/orgs/6aaef103-b1ab-4c8c-8042-c121f40001ba/projects/937532f3-b441-4fca-a384-61b11b163b48/map_cache/5058f1af8388633f609cadb75a75dc9d.json
2025/06/02 09:29:45.578235 git.go:66: [Git] GitAddAndCommit - orgId: 6aaef103-b1ab-4c8c-8042-c121f40001ba, planId: d3b58b68-f88c-4f6f-b115-aaf7810fef61, branch: main, message: Updated 1 map in context | added → 0 🪙 | total → 41279 🪙

+---------+------+----+
|  NAME   | TYPE | 🪙 |
+---------+------+----+
| [92;1m 🗺️  cwd[0m | [92mmap[0m  | [92m+0[0m |
+---------+------+----+
2025/06/02 09:29:45.578423 git.go:647: [Git] gitWriteOperation - label: GitAddAndCommit > gitAdd: plan=d3b58b68-f88c-4f6f-b115-aaf7810fef61 branch=main
2025/06/02 09:29:45.578456 git.go:603: [Git] gitRemoveIndexLockFileIfExists - repoDir: /tmp/plandex_server_data/orgs/6aaef103-b1ab-4c8c-8042-c121f40001ba/plans/d3b58b68-f88c-4f6f-b115-aaf7810fef61
2025/06/02 09:29:45.596622 git.go:647: [Git] gitWriteOperation - label: GitAddAndCommit > gitCommit: plan=d3b58b68-f88c-4f6f-b115-aaf7810fef61 branch=main
2025/06/02 09:29:45.596784 git.go:603: [Git] gitRemoveIndexLockFileIfExists - repoDir: /tmp/plandex_server_data/orgs/6aaef103-b1ab-4c8c-8042-c121f40001ba/plans/d3b58b68-f88c-4f6f-b115-aaf7810fef61
2025/06/02 09:29:45.617509 queue.go:193: [Queue] Releasing DB lock d7e7a25c-7980-4972-a832-4f83a3346a58 for plan d3b58b68-f88c-4f6f-b115-aaf7810fef61
2025/06/02 09:29:45.617554 plans_context.go:315: Successfully processed UpdateContextHandler request
2025/06/02 09:29:45.617900 setup.go:59: 

Completed: PUT /plans/d3b58b68-f88c-4f6f-b115-aaf7810fef61/main/context in 364.713773ms

2025/06/02 09:29:45.618130 locks.go:388: [Lock][Heartbeat] Timeout or context canceled during heartbeat loop for lock d7e7a25c-7980-4972-a832-4f83a3346a58 for plan d3b58b68-f88c-4f6f-b115-aaf7810fef61 | reason: update contexts
2025/06/02 09:29:45.619035 locks.go:501: [Lock][Delete][1119] Lock released: d7e7a25c-7980-4972-a832-4f83a3346a58 for plan d3b58b68-f88c-4f6f-b115-aaf7810fef61 | update contexts
2025/06/02 09:29:45.619126 queue.go:198: [Queue] DB lock d7e7a25c-7980-4972-a832-4f83a3346a58 released successfully
2025/06/02 09:29:45.820193 setup.go:57: 

Request: POST /plans/d3b58b68-f88c-4f6f-b115-aaf7810fef61/main/tell

2025/06/02 09:29:45.820534 plans_exec.go:24: Received request for TellPlanHandler ip: localhost
2025/06/02 09:29:45.820579 auth_helpers.go:442: authenticating request
2025/06/02 09:29:45.825266 auth_helpers.go:589: UserId: 7de205bd-e851-4579-8940-4f2cbb3b21ee, Email: local-admin@plandex.ai, OrgId: 6aaef103-b1ab-4c8c-8042-c121f40001ba
2025/06/02 09:29:45.825384 plans_exec.go:35: planId:  d3b58b68-f88c-4f6f-b115-aaf7810fef61
2025/06/02 09:29:45.825401 auth_helpers.go:648: authorizing plan
2025/06/02 09:29:45.829103 settings_helpers.go:53: GetPlanSettings - settings found in file
2025/06/02 09:29:45.829482 tell_exec.go:45: Tell: Called with plan ID d3b58b68-f88c-4f6f-b115-aaf7810fef61 on branch main (TraceID: 38b1f7b38bfa7733dc4c0960b75a2408)
2025/06/02 09:29:45.829613 activate.go:25: Activate plan: plan ID d3b58b68-f88c-4f6f-b115-aaf7810fef61 on branch main
2025/06/02 09:29:45.829649 activate.go:28: Waiting 100ms before checking for active plan
2025/06/02 09:29:45.930489 activate.go:30: Done waiting, checking for active plan
2025/06/02 09:29:45.934723 activate.go:79: Tell: Model stream stored with ID d21f7949-9612-46b5-80bd-17751cc9ae36 for plan ID d3b58b68-f88c-4f6f-b115-aaf7810fef61 on branch main
2025/06/02 09:29:45.934818 activate.go:80: Model stream id: d21f7949-9612-46b5-80bd-17751cc9ae36
2025/06/02 09:29:45.934836 tell_exec.go:76: Tell: Tell operation completed successfully for plan ID d3b58b68-f88c-4f6f-b115-aaf7810fef61 on branch main (TraceID: 38b1f7b38bfa7733dc4c0960b75a2408)
2025/06/02 09:29:45.934866 stream_helper.go:20: Response stream manager: starting plan stream
2025/06/02 09:29:45.934949 stream_helper.go:45: Response stream manager: sending initial message
2025/06/02 09:29:45.935019 tell_exec.go:107: [TellExec] Starting iteration 0 for plan d3b58b68-f88c-4f6f-b115-aaf7810fef61 on branch main (TraceID: 38b1f7b38bfa7733dc4c0960b75a2408)
2025/06/02 09:29:45.935110 tell_exec.go:127: [TellExec] Starting iteration 0 for plan d3b58b68-f88c-4f6f-b115-aaf7810fef61 on branch main
2025/06/02 09:29:45.935127 tell_exec.go:154: Executing WillExecPlanHook
2025/06/02 09:29:45.935135 tell_exec.go:168: execTellPlan - Setting plan status to replying
2025/06/02 09:29:45.935033 state.go:140: Subscribing to plan d3b58b68-f88c-4f6f-b115-aaf7810fef61
2025/06/02 09:29:45.938740 tell_exec.go:183: execTellPlan - Plan status set to replying
2025/06/02 09:29:45.938865 tell_exec.go:198: execTellPlan - Loading tell plan
2025/06/02 09:29:45.938893 tell_load.go:50: [TellLoad] Tell plan - loadTellPlan - iteration: 0, missingFileResponse: , req.IsUserContinue: false, lockScope: w
2025/06/02 09:29:45.938928 queue.go:317: [Queue] ExecRepoOperation called for plan d3b58b68-f88c-4f6f-b115-aaf7810fef61, branch main, scope w, reason load tell plan
2025/06/02 09:29:45.947763 locks.go:166: [Lock][1155] got lockable plan id for d3b58b68-f88c-4f6f-b115-aaf7810fef61 | reason: load tell plan
2025/06/02 09:29:45.949509 locks.go:227: [Lock][1155] 0 locks found, 0 expired | reason: load tell plan
2025/06/02 09:29:45.953173 locks.go:383: Lock acquired: 46851c5b-6f4d-4b24-89eb-e040520d2b2f for plan d3b58b68-f88c-4f6f-b115-aaf7810fef61 with scope w | reason: load tell plan
2025/06/02 09:29:45.953298 git.go:603: [Git] gitRemoveIndexLockFileIfExists - repoDir: /tmp/plandex_server_data/orgs/6aaef103-b1ab-4c8c-8042-c121f40001ba/plans/d3b58b68-f88c-4f6f-b115-aaf7810fef61
2025/06/02 09:29:45.953359 locks.go:401: [Lock][Heartbeat] Will update heartbeat for d3b58b68-f88c-4f6f-b115-aaf7810fef61 | load tell plan | Heartbeat interval: 3s, jitter: 284.412149ms
2025/06/02 09:29:45.953471 git.go:427: [Git] gitCheckoutBranch - repoDir: /tmp/plandex_server_data/orgs/6aaef103-b1ab-4c8c-8042-c121f40001ba/plans/d3b58b68-f88c-4f6f-b115-aaf7810fef61, branch: main
2025/06/02 09:29:45.953527 git.go:603: [Git] gitRemoveIndexLockFileIfExists - repoDir: /tmp/plandex_server_data/orgs/6aaef103-b1ab-4c8c-8042-c121f40001ba/plans/d3b58b68-f88c-4f6f-b115-aaf7810fef61
2025/06/02 09:29:45.955677 git.go:443: [Git] gitCheckoutBranch - currentBranch: main
2025/06/02 09:29:45.955782 git.go:446: [Git] gitCheckoutBranch - already on branch main, skipping
2025/06/02 09:29:45.955796 locks.go:464: [Lock] d3b58b68-f88c-4f6f-b115-aaf7810fef61 | load tell plan | Checked out branch
2025/06/02 09:29:45.955820 queue.go:190: [Queue] Acquired DB lock 46851c5b-6f4d-4b24-89eb-e040520d2b2f
2025/06/02 09:29:45.955982 settings_helpers.go:53: GetPlanSettings - settings found in file
2025/06/02 09:29:45.956407 tell_load.go:203: getting plan summaries
2025/06/02 09:29:45.956476 tell_load.go:204: convoMessageIds: [26ab7763-bede-4e98-9a47-8cdb7e0387c0 7f4df982-3100-430f-bab3-b1a9bfad08ba daa7f76c-c1ab-4939-9776-7be1696b839d c4b88a0e-a9df-4a3e-9ee4-f613e7d74981 d8f23b6c-6125-4700-b76b-6fe2337f4aa5]
2025/06/02 09:29:45.956652 tell_load.go:160: [TellLoad] storing user message | len(convo): 5 | num: 6
2025/06/02 09:29:45.956701 tell_load.go:177: [TellLoad] storing user message
2025/06/02 09:29:45.956813 model_request.go:82: Model config - role: names, model: gemini-2.5-pro, max output tokens: 8192
2025/06/02 09:29:45.956859 client_stream.go:267: withStreamingRetries - will run operation
2025/06/02 09:29:45.956922 client_stream.go:105: processChatCompletionStream - modelConfig (map[string]interface {}) (len=2) {
 (string) (len=5) "model": (shared.ModelName) (len=14) "gemini-2.5-pro",
 (string) (len=8) "provider": (shared.ModelProvider) (len=6) "custom"
}

2025/06/02 09:29:45.956987 client.go:195: LLM API call starting - Model: gemini-2.5-pro, Provider: custom (TraceID: 66be934b0e7bf5c5148d3a0aa7546290)
2025/06/02 09:29:45.959149 tell_load.go:130: [TellLoad] Tell plan - loadTellPlan - modelContext: 0
2025/06/02 09:29:45.959790 convo_helpers.go:163: StoreConvoMessage - message.Flags.CurrentStage.TellStage: 
2025/06/02 09:29:45.959871 convo_helpers.go:164: StoreConvoMessage - message.Subtask: <nil>
2025/06/02 09:29:45.959891 convo_helpers.go:188: [Git] StoreConvoMessage - committing convo message: Message #6 | 💬 User prompt | 1 🪙, branch: main
2025/06/02 09:29:45.959905 git.go:66: [Git] GitAddAndCommit - orgId: 6aaef103-b1ab-4c8c-8042-c121f40001ba, planId: d3b58b68-f88c-4f6f-b115-aaf7810fef61, branch: main, message: Message #6 | 💬 User prompt | 1 🪙
2025/06/02 09:29:45.959920 git.go:647: [Git] gitWriteOperation - label: GitAddAndCommit > gitAdd: plan=d3b58b68-f88c-4f6f-b115-aaf7810fef61 branch=main
2025/06/02 09:29:45.959928 git.go:603: [Git] gitRemoveIndexLockFileIfExists - repoDir: /tmp/plandex_server_data/orgs/6aaef103-b1ab-4c8c-8042-c121f40001ba/plans/d3b58b68-f88c-4f6f-b115-aaf7810fef61
2025/06/02 09:29:45.960509 tell_load.go:214: got 0 plan summaries
2025/06/02 09:29:45.967117 git.go:647: [Git] gitWriteOperation - label: GitAddAndCommit > gitCommit: plan=d3b58b68-f88c-4f6f-b115-aaf7810fef61 branch=main
2025/06/02 09:29:45.967207 git.go:603: [Git] gitRemoveIndexLockFileIfExists - repoDir: /tmp/plandex_server_data/orgs/6aaef103-b1ab-4c8c-8042-c121f40001ba/plans/d3b58b68-f88c-4f6f-b115-aaf7810fef61
2025/06/02 09:29:46.478383 client_stream.go:274: withStreamingRetries - operation returned error: error creating chat completion stream: status code: 401, body: {"error":{"message":"unauthorized: token expired\n","type":"error"}}
2025/06/02 09:29:46.478469 client_stream.go:287: Error in streaming operation: error creating chat completion stream: status code: 401, body: {"error":{"message":"unauthorized: token expired\n","type":"error"}}, isFallback: false, numTotalRetry: 0, numFallbackRetry: 0, numRetry: 0, compareRetries: 0, maxRetries: 2
2025/06/02 09:29:46.478495 model_error.go:39: Classifying error message: error creating chat completion stream: status code: 401, body: {"error":{"message":"unauthorized: token expired\n","type":"error"}}
2025/06/02 09:29:46.478513 model_error.go:85: No error classification based on message
2025/06/02 09:29:46.478522 model_error.go:253: Invalid auth or api key - no retry
2025/06/02 09:29:46.478605 client_stream.go:301: withStreamingRetries - operation returned non-retriable error: error creating chat completion stream: status code: 401, body: {"error":{"message":"unauthorized: token expired\n","type":"error"}}
(*shared.ModelError)(0xc0001ae700)({
 Kind: (shared.ModelErrKind) (len=8) "ErrOther",
 Retriable: (bool) false,
 RetryAfterSeconds: (int) 0
})
2025/06/02 09:29:46.478788 client_stream.go:308: withStreamingRetries - non-retriable error and no error fallback is defined, returning error
Error during plan name model call: error creating chat completion stream: status code: 401, body: {"error":{"message":"unauthorized: token expired\n","type":"error"}}
2025/06/02 09:29:46.478882 tell_load.go:86: Error generating plan name: error creating chat completion stream: status code: 401, body: {"error":{"message":"unauthorized: token expired\n","type":"error"}}
2025/06/02 09:29:46.478949 queue.go:193: [Queue] Releasing DB lock 46851c5b-6f4d-4b24-89eb-e040520d2b2f for plan d3b58b68-f88c-4f6f-b115-aaf7810fef61
2025/06/02 09:29:46.479037 state.go:44: case apiErr := <-activePlan.StreamDoneCh: d3b58b68-f88c-4f6f-b115-aaf7810fef61
2025/06/02 09:29:46.479104 state.go:45: apiErr: 500 Error: Error loading plan: error generating plan name: error creating chat completion stream: status code: 401, body: {"error":{"message":"unauthorized: token expired\n","type":"error"}}
2025/06/02 09:29:46.479130 state.go:61: Error streaming plan d3b58b68-f88c-4f6f-b115-aaf7810fef61: 500 Error: Error loading plan: error generating plan name: error creating chat completion stream: status code: 401, body: {"error":{"message":"unauthorized: token expired\n","type":"error"}}
2025/06/02 09:29:46.479074 tell_load.go:279: execTellPlan: error loading tell plan: error generating plan name: error creating chat completion stream: status code: 401, body: {"error":{"message":"unauthorized: token expired\n","type":"error"}}
2025/06/02 09:29:46.480081 locks.go:501: [Lock][Delete][1155] Lock released: 46851c5b-6f4d-4b24-89eb-e040520d2b2f for plan d3b58b68-f88c-4f6f-b115-aaf7810fef61 | load tell plan
2025/06/02 09:29:46.480174 queue.go:198: [Queue] DB lock 46851c5b-6f4d-4b24-89eb-e040520d2b2f released successfully
2025/06/02 09:29:46.481079 state.go:68: Sending error message to client
2025/06/02 09:29:46.481139 active_plan.go:198: ActivePlan.Stream: skipping buffer for special message
2025/06/02 09:29:46.481196 active_plan.go:199: (shared.StreamMessage) {
 Type: (shared.StreamMessageType) (len=5) "error",
 ReplyChunk: (string) "",
 BuildInfo: (*shared.BuildInfo)(<nil>),
 Description: (*shared.ConvoMessageDescription)(<nil>),
 Error: (*shared.ApiError)(0xc000058940)(500 Error: Error loading plan: error generating plan name: error creating chat completion stream: status code: 401, body: {"error":{"message":"unauthorized: token expired\n","type":"error"}}),
 MissingFilePath: (string) "",
 MissingFileAutoContext: (bool) false,
 ModelStreamId: (string) "",
 LoadContextFiles: ([]string) <nil>,
 InitPrompt: (string) "",
 InitReplies: ([]string) <nil>,
 InitBuildOnly: (bool) false,
 StreamMessages: ([]shared.StreamMessage) <nil>
}

2025/06/02 09:29:46.481236 state.go:75: Stopping any active summary stream
2025/06/02 09:29:46.481250 state.go:78: Waiting 100ms after streaming error before canceling active plan
2025/06/02 09:29:46.481627 stream_helper.go:94: Response stream manager: request context done
2025/06/02 09:29:46.481693 stream_helper.go:64: Response stream manager: client stream closed
2025/06/02 09:29:46.481704 state.go:157: UnsubscribePlan d3b58b68-f88c-4f6f-b115-aaf7810fef61 - main - 75897d74-403a-4df4-aa68-4bd4a56bd83c
2025/06/02 09:29:46.481737 state.go:168: Unsubscribed from plan d3b58b68-f88c-4f6f-b115-aaf7810fef61 - main - 75897d74-403a-4df4-aa68-4bd4a56bd83c
2025/06/02 09:29:46.481750 plans_exec.go:97: Successfully processed request for TellPlanHandler
2025/06/02 09:29:46.481761 plans_exec.go:50: Closing request body
2025/06/02 09:29:46.481803 setup.go:59: 

Completed: POST /plans/d3b58b68-f88c-4f6f-b115-aaf7810fef61/main/tell in 661.612214ms

2025/06/02 09:29:46.582428 state.go:83: Cancelling active plan
2025/06/02 09:29:46.582827 state.go:96: Deleting active plan d3b58b68-f88c-4f6f-b115-aaf7810fef61 - main - 6aaef103-b1ab-4c8c-8042-c121f40001ba
2025/06/02 09:29:46.582921 state.go:107: Clearing uncommitted changes for plan d3b58b68-f88c-4f6f-b115-aaf7810fef61 - main - 6aaef103-b1ab-4c8c-8042-c121f40001ba
2025/06/02 09:29:46.582970 queue.go:317: [Queue] ExecRepoOperation called for plan d3b58b68-f88c-4f6f-b115-aaf7810fef61, branch main, scope w, reason delete active plan
2025/06/02 09:29:46.583027 locks.go:388: [Lock][Heartbeat] Timeout or context canceled during heartbeat loop for lock 46851c5b-6f4d-4b24-89eb-e040520d2b2f for plan d3b58b68-f88c-4f6f-b115-aaf7810fef61 | reason: load tell plan
2025/06/02 09:29:46.582844 active_plan.go:136: ActivePlan stream manager returned
2025/06/02 09:29:46.588012 locks.go:166: [Lock][1221] got lockable plan id for d3b58b68-f88c-4f6f-b115-aaf7810fef61 | reason: delete active plan
2025/06/02 09:29:46.589077 locks.go:227: [Lock][1221] 0 locks found, 0 expired | reason: delete active plan
2025/06/02 09:29:46.591856 locks.go:383: Lock acquired: 66d76c03-93bd-4d4d-8dc5-e88c75ee3f22 for plan d3b58b68-f88c-4f6f-b115-aaf7810fef61 with scope w | reason: delete active plan
2025/06/02 09:29:46.591988 git.go:603: [Git] gitRemoveIndexLockFileIfExists - repoDir: /tmp/plandex_server_data/orgs/6aaef103-b1ab-4c8c-8042-c121f40001ba/plans/d3b58b68-f88c-4f6f-b115-aaf7810fef61
2025/06/02 09:29:46.592169 locks.go:401: [Lock][Heartbeat] Will update heartbeat for d3b58b68-f88c-4f6f-b115-aaf7810fef61 | delete active plan | Heartbeat interval: 3s, jitter: 221.275741ms
2025/06/02 09:29:46.592223 git.go:427: [Git] gitCheckoutBranch - repoDir: /tmp/plandex_server_data/orgs/6aaef103-b1ab-4c8c-8042-c121f40001ba/plans/d3b58b68-f88c-4f6f-b115-aaf7810fef61, branch: main
2025/06/02 09:29:46.592290 git.go:603: [Git] gitRemoveIndexLockFileIfExists - repoDir: /tmp/plandex_server_data/orgs/6aaef103-b1ab-4c8c-8042-c121f40001ba/plans/d3b58b68-f88c-4f6f-b115-aaf7810fef61
2025/06/02 09:29:46.596543 git.go:443: [Git] gitCheckoutBranch - currentBranch: main
2025/06/02 09:29:46.596813 git.go:446: [Git] gitCheckoutBranch - already on branch main, skipping
2025/06/02 09:29:46.596832 locks.go:464: [Lock] d3b58b68-f88c-4f6f-b115-aaf7810fef61 | delete active plan | Checked out branch
2025/06/02 09:29:46.596855 queue.go:190: [Queue] Acquired DB lock 66d76c03-93bd-4d4d-8dc5-e88c75ee3f22
2025/06/02 09:29:46.596901 state.go:119: Starting clear uncommitted changes for plan d3b58b68-f88c-4f6f-b115-aaf7810fef61 - main - 6aaef103-b1ab-4c8c-8042-c121f40001ba
2025/06/02 09:29:46.596917 git.go:335: [Git] GitClearUncommittedChanges - orgId: 6aaef103-b1ab-4c8c-8042-c121f40001ba, planId: d3b58b68-f88c-4f6f-b115-aaf7810fef61, branch: main
2025/06/02 09:29:46.602205 git.go:647: [Git] gitWriteOperation - label: GitClearUncommittedChanges > gitReset: plan=d3b58b68-f88c-4f6f-b115-aaf7810fef61
2025/06/02 09:29:46.602308 git.go:356: [Git] GitClearUncommittedChanges - resetting staged changes for plan d3b58b68-f88c-4f6f-b115-aaf7810fef61
2025/06/02 09:29:46.614536 git.go:361: [Git] GitClearUncommittedChanges - reset staged changes finished for plan d3b58b68-f88c-4f6f-b115-aaf7810fef61
2025/06/02 09:29:46.614649 git.go:647: [Git] gitWriteOperation - label: GitClearUncommittedChanges > gitClean: plan=d3b58b68-f88c-4f6f-b115-aaf7810fef61
2025/06/02 09:29:46.614669 git.go:371: [Git] GitClearUncommittedChanges - cleaning untracked files for plan d3b58b68-f88c-4f6f-b115-aaf7810fef61
2025/06/02 09:29:46.616712 git.go:376: [Git] GitClearUncommittedChanges - clean untracked files finished for plan d3b58b68-f88c-4f6f-b115-aaf7810fef61
2025/06/02 09:29:46.616789 state.go:121: Finished clear uncommitted changes for plan d3b58b68-f88c-4f6f-b115-aaf7810fef61 - main - 6aaef103-b1ab-4c8c-8042-c121f40001ba
2025/06/02 09:29:46.616803 state.go:122: Error: <nil>
2025/06/02 09:29:46.616838 queue.go:193: [Queue] Releasing DB lock 66d76c03-93bd-4d4d-8dc5-e88c75ee3f22 for plan d3b58b68-f88c-4f6f-b115-aaf7810fef61
2025/06/02 09:29:46.616915 state.go:132: Deleted active plan d3b58b68-f88c-4f6f-b115-aaf7810fef61 - main - 6aaef103-b1ab-4c8c-8042-c121f40001ba
2025/06/02 09:29:46.617081 locks.go:388: [Lock][Heartbeat] Timeout or context canceled during heartbeat loop for lock 66d76c03-93bd-4d4d-8dc5-e88c75ee3f22 for plan d3b58b68-f88c-4f6f-b115-aaf7810fef61 | reason: delete active plan
2025/06/02 09:29:46.618128 locks.go:501: [Lock][Delete][1221] Lock released: 66d76c03-93bd-4d4d-8dc5-e88c75ee3f22 for plan d3b58b68-f88c-4f6f-b115-aaf7810fef61 | delete active plan
2025/06/02 09:29:46.618184 queue.go:198: [Queue] DB lock 66d76c03-93bd-4d4d-8dc5-e88c75ee3f22 released successfully
2025/06/02 09:29:46.938987 stream_helpers.go:76: Setting model stream finished: d21f7949-9612-46b5-80bd-17751cc9ae36
2025/06/02 09:29:46.981916 stream_helpers.go:84: Set model stream finished successfully: d21f7949-9612-46b5-80bd-17751cc9ae36
2025/06/02 09:29:49.178066 handler.go:31: traces export: parse "https://https:%2F%2Flogfire-api.pydantic.dev/v1/traces": invalid port ":%2F%2Flogfire-api.pydantic.dev" after host
2025/06/02 09:30:26.258933 setup.go:57: 

Request: GET /plans/d3b58b68-f88c-4f6f-b115-aaf7810fef61/config

2025/06/02 09:30:26.259297 plan_config.go:17: Received request for GetPlanConfigHandler
2025/06/02 09:30:26.259349 auth_helpers.go:442: authenticating request
2025/06/02 09:30:26.263548 auth_helpers.go:589: UserId: 7de205bd-e851-4579-8940-4f2cbb3b21ee, Email: local-admin@plandex.ai, OrgId: 6aaef103-b1ab-4c8c-8042-c121f40001ba
2025/06/02 09:30:26.263644 plan_config.go:27: planId:  d3b58b68-f88c-4f6f-b115-aaf7810fef61
2025/06/02 09:30:26.263663 auth_helpers.go:648: authorizing plan
2025/06/02 09:30:26.268873 plan_config.go:53: GetPlanConfigHandler processed successfully
2025/06/02 09:30:26.269070 setup.go:59: 

Completed: GET /plans/d3b58b68-f88c-4f6f-b115-aaf7810fef61/config in 10.136687ms

2025/06/02 09:30:26.269826 setup.go:57: 

Request: GET /plans/d3b58b68-f88c-4f6f-b115-aaf7810fef61/main/settings

2025/06/02 09:30:26.269965 settings.go:19: Received request for GetSettingsHandler
2025/06/02 09:30:26.269978 auth_helpers.go:442: authenticating request
2025/06/02 09:30:26.273697 auth_helpers.go:589: UserId: 7de205bd-e851-4579-8940-4f2cbb3b21ee, Email: local-admin@plandex.ai, OrgId: 6aaef103-b1ab-4c8c-8042-c121f40001ba
2025/06/02 09:30:26.273796 settings.go:30: planId:  d3b58b68-f88c-4f6f-b115-aaf7810fef61 branch:  main
2025/06/02 09:30:26.273810 auth_helpers.go:648: authorizing plan
2025/06/02 09:30:26.275541 queue.go:317: [Queue] ExecRepoOperation called for plan d3b58b68-f88c-4f6f-b115-aaf7810fef61, branch main, scope r, reason get settings
2025/06/02 09:30:26.281540 locks.go:166: [Lock][1237] got lockable plan id for d3b58b68-f88c-4f6f-b115-aaf7810fef61 | reason: get settings
2025/06/02 09:30:26.282306 locks.go:227: [Lock][1237] 0 locks found, 0 expired | reason: get settings
2025/06/02 09:30:26.323734 locks.go:383: Lock acquired: 5eae757d-27d6-447c-9a71-aa02a871656c for plan d3b58b68-f88c-4f6f-b115-aaf7810fef61 with scope r | reason: get settings
2025/06/02 09:30:26.323858 git.go:603: [Git] gitRemoveIndexLockFileIfExists - repoDir: /tmp/plandex_server_data/orgs/6aaef103-b1ab-4c8c-8042-c121f40001ba/plans/d3b58b68-f88c-4f6f-b115-aaf7810fef61
2025/06/02 09:30:26.323906 locks.go:401: [Lock][Heartbeat] Will update heartbeat for d3b58b68-f88c-4f6f-b115-aaf7810fef61 | get settings | Heartbeat interval: 3s, jitter: 261.745392ms
2025/06/02 09:30:26.323949 git.go:427: [Git] gitCheckoutBranch - repoDir: /tmp/plandex_server_data/orgs/6aaef103-b1ab-4c8c-8042-c121f40001ba/plans/d3b58b68-f88c-4f6f-b115-aaf7810fef61, branch: main
2025/06/02 09:30:26.323958 git.go:603: [Git] gitRemoveIndexLockFileIfExists - repoDir: /tmp/plandex_server_data/orgs/6aaef103-b1ab-4c8c-8042-c121f40001ba/plans/d3b58b68-f88c-4f6f-b115-aaf7810fef61
2025/06/02 09:30:26.326218 git.go:443: [Git] gitCheckoutBranch - currentBranch: main
2025/06/02 09:30:26.326342 git.go:446: [Git] gitCheckoutBranch - already on branch main, skipping
2025/06/02 09:30:26.326355 locks.go:464: [Lock] d3b58b68-f88c-4f6f-b115-aaf7810fef61 | get settings | Checked out branch
2025/06/02 09:30:26.326377 queue.go:190: [Queue] Acquired DB lock 5eae757d-27d6-447c-9a71-aa02a871656c
2025/06/02 09:30:26.326486 settings_helpers.go:53: GetPlanSettings - settings found in file
2025/06/02 09:30:26.326828 queue.go:193: [Queue] Releasing DB lock 5eae757d-27d6-447c-9a71-aa02a871656c for plan d3b58b68-f88c-4f6f-b115-aaf7810fef61
2025/06/02 09:30:26.327016 settings.go:74: GetSettingsHandler processed successfully
2025/06/02 09:30:26.327271 setup.go:59: 

Completed: GET /plans/d3b58b68-f88c-4f6f-b115-aaf7810fef61/main/settings in 57.444497ms

2025/06/02 09:30:26.327330 locks.go:388: [Lock][Heartbeat] Timeout or context canceled during heartbeat loop for lock 5eae757d-27d6-447c-9a71-aa02a871656c for plan d3b58b68-f88c-4f6f-b115-aaf7810fef61 | reason: get settings
2025/06/02 09:30:26.328369 locks.go:501: [Lock][Delete][1237] Lock released: 5eae757d-27d6-447c-9a71-aa02a871656c for plan d3b58b68-f88c-4f6f-b115-aaf7810fef61 | get settings
2025/06/02 09:30:26.328449 queue.go:198: [Queue] DB lock 5eae757d-27d6-447c-9a71-aa02a871656c released successfully
2025/06/02 09:30:26.620313 setup.go:57: 

Request: GET /plans/d3b58b68-f88c-4f6f-b115-aaf7810fef61/main/context

2025/06/02 09:30:26.620512 plans_context.go:18: Received request for ListContextHandler
2025/06/02 09:30:26.620526 auth_helpers.go:442: authenticating request
2025/06/02 09:30:26.625058 auth_helpers.go:589: UserId: 7de205bd-e851-4579-8940-4f2cbb3b21ee, Email: local-admin@plandex.ai, OrgId: 6aaef103-b1ab-4c8c-8042-c121f40001ba
2025/06/02 09:30:26.625127 plans_context.go:28: planId:  d3b58b68-f88c-4f6f-b115-aaf7810fef61 branch:  main
2025/06/02 09:30:26.625137 auth_helpers.go:648: authorizing plan
2025/06/02 09:30:26.626798 queue.go:317: [Queue] ExecRepoOperation called for plan d3b58b68-f88c-4f6f-b115-aaf7810fef61, branch main, scope r, reason list contexts
2025/06/02 09:30:26.634176 locks.go:166: [Lock][1256] got lockable plan id for d3b58b68-f88c-4f6f-b115-aaf7810fef61 | reason: list contexts
2025/06/02 09:30:26.635353 locks.go:227: [Lock][1256] 0 locks found, 0 expired | reason: list contexts
2025/06/02 09:30:26.677224 locks.go:383: Lock acquired: 3f05250b-59ff-40eb-8c17-c2d8893db873 for plan d3b58b68-f88c-4f6f-b115-aaf7810fef61 with scope r | reason: list contexts
2025/06/02 09:30:26.677337 git.go:603: [Git] gitRemoveIndexLockFileIfExists - repoDir: /tmp/plandex_server_data/orgs/6aaef103-b1ab-4c8c-8042-c121f40001ba/plans/d3b58b68-f88c-4f6f-b115-aaf7810fef61
2025/06/02 09:30:26.677368 locks.go:401: [Lock][Heartbeat] Will update heartbeat for d3b58b68-f88c-4f6f-b115-aaf7810fef61 | list contexts | Heartbeat interval: 3s, jitter: 146.680383ms
2025/06/02 09:30:26.677450 git.go:427: [Git] gitCheckoutBranch - repoDir: /tmp/plandex_server_data/orgs/6aaef103-b1ab-4c8c-8042-c121f40001ba/plans/d3b58b68-f88c-4f6f-b115-aaf7810fef61, branch: main
2025/06/02 09:30:26.677463 git.go:603: [Git] gitRemoveIndexLockFileIfExists - repoDir: /tmp/plandex_server_data/orgs/6aaef103-b1ab-4c8c-8042-c121f40001ba/plans/d3b58b68-f88c-4f6f-b115-aaf7810fef61
2025/06/02 09:30:26.679771 git.go:443: [Git] gitCheckoutBranch - currentBranch: main
2025/06/02 09:30:26.679844 git.go:446: [Git] gitCheckoutBranch - already on branch main, skipping
2025/06/02 09:30:26.679863 locks.go:464: [Lock] d3b58b68-f88c-4f6f-b115-aaf7810fef61 | list contexts | Checked out branch
2025/06/02 09:30:26.679883 queue.go:190: [Queue] Acquired DB lock 3f05250b-59ff-40eb-8c17-c2d8893db873
2025/06/02 09:30:26.681858 queue.go:193: [Queue] Releasing DB lock 3f05250b-59ff-40eb-8c17-c2d8893db873 for plan d3b58b68-f88c-4f6f-b115-aaf7810fef61
2025/06/02 09:30:26.683200 setup.go:59: 

Completed: GET /plans/d3b58b68-f88c-4f6f-b115-aaf7810fef61/main/context in 62.885975ms

2025/06/02 09:30:26.683312 locks.go:388: [Lock][Heartbeat] Timeout or context canceled during heartbeat loop for lock 3f05250b-59ff-40eb-8c17-c2d8893db873 for plan d3b58b68-f88c-4f6f-b115-aaf7810fef61 | reason: list contexts
2025/06/02 09:30:26.683313 locks.go:501: [Lock][Delete][1256] Lock released: 3f05250b-59ff-40eb-8c17-c2d8893db873 for plan d3b58b68-f88c-4f6f-b115-aaf7810fef61 | list contexts
2025/06/02 09:30:26.683347 queue.go:198: [Queue] DB lock 3f05250b-59ff-40eb-8c17-c2d8893db873 released successfully
2025/06/02 09:30:27.275024 setup.go:57: 

Request: POST /file_map

2025/06/02 09:30:27.275248 file_maps.go:17: Received request for GetFileMapHandler
2025/06/02 09:30:27.275275 auth_helpers.go:442: authenticating request
2025/06/02 09:30:27.281038 auth_helpers.go:589: UserId: 7de205bd-e851-4579-8940-4f2cbb3b21ee, Email: local-admin@plandex.ai, OrgId: 6aaef103-b1ab-4c8c-8042-c121f40001ba
2025/06/02 09:30:27.281213 file_maps.go:31: GetFileMapHandler: checking limits
2025/06/02 09:30:27.281240 file_maps_queue.go:71: queueProjectMapJob: len(projectMapQueue): 0
2025/06/02 09:30:27.281271 file_maps_queue.go:85: mapWorker: len(job.inputs): 1
2025/06/02 09:30:27.281340 file_maps.go:99: GetFileMapHandler success - writing response bytes: 90
2025/06/02 09:30:27.281426 setup.go:59: 

Completed: POST /file_map in 6.402913ms

2025/06/02 09:30:27.282234 setup.go:57: 

Request: GET /plans/d3b58b68-f88c-4f6f-b115-aaf7810fef61/main/current_plan

2025/06/02 09:30:27.282429 plans_changes.go:20: Received request for CurrentPlanHandler
2025/06/02 09:30:27.282446 auth_helpers.go:442: authenticating request
2025/06/02 09:30:27.288373 auth_helpers.go:589: UserId: 7de205bd-e851-4579-8940-4f2cbb3b21ee, Email: local-admin@plandex.ai, OrgId: 6aaef103-b1ab-4c8c-8042-c121f40001ba
2025/06/02 09:30:27.288495 plans_changes.go:32: planId:  d3b58b68-f88c-4f6f-b115-aaf7810fef61 branch:  main sha:  
2025/06/02 09:30:27.288516 auth_helpers.go:648: authorizing plan
2025/06/02 09:30:27.392742 plans_changes.go:46: locking with scope: r
2025/06/02 09:30:27.392899 queue.go:317: [Queue] ExecRepoOperation called for plan d3b58b68-f88c-4f6f-b115-aaf7810fef61, branch main, scope r, reason get current plan state
2025/06/02 09:30:27.397879 locks.go:166: [Lock][1259] got lockable plan id for d3b58b68-f88c-4f6f-b115-aaf7810fef61 | reason: get current plan state
2025/06/02 09:30:27.398954 locks.go:227: [Lock][1259] 0 locks found, 0 expired | reason: get current plan state
2025/06/02 09:30:27.401987 locks.go:383: Lock acquired: b100062a-372b-4de1-a4af-eb28880f2e86 for plan d3b58b68-f88c-4f6f-b115-aaf7810fef61 with scope r | reason: get current plan state
2025/06/02 09:30:27.402120 git.go:603: [Git] gitRemoveIndexLockFileIfExists - repoDir: /tmp/plandex_server_data/orgs/6aaef103-b1ab-4c8c-8042-c121f40001ba/plans/d3b58b68-f88c-4f6f-b115-aaf7810fef61
2025/06/02 09:30:27.402141 locks.go:401: [Lock][Heartbeat] Will update heartbeat for d3b58b68-f88c-4f6f-b115-aaf7810fef61 | get current plan state | Heartbeat interval: 3s, jitter: 55.373026ms
2025/06/02 09:30:27.402181 git.go:427: [Git] gitCheckoutBranch - repoDir: /tmp/plandex_server_data/orgs/6aaef103-b1ab-4c8c-8042-c121f40001ba/plans/d3b58b68-f88c-4f6f-b115-aaf7810fef61, branch: main
2025/06/02 09:30:27.402193 git.go:603: [Git] gitRemoveIndexLockFileIfExists - repoDir: /tmp/plandex_server_data/orgs/6aaef103-b1ab-4c8c-8042-c121f40001ba/plans/d3b58b68-f88c-4f6f-b115-aaf7810fef61
2025/06/02 09:30:27.404788 git.go:443: [Git] gitCheckoutBranch - currentBranch: main
2025/06/02 09:30:27.405384 git.go:446: [Git] gitCheckoutBranch - already on branch main, skipping
2025/06/02 09:30:27.405438 locks.go:464: [Lock] d3b58b68-f88c-4f6f-b115-aaf7810fef61 | get current plan state | Checked out branch
2025/06/02 09:30:27.405553 queue.go:190: [Queue] Acquired DB lock b100062a-372b-4de1-a4af-eb28880f2e86
2025/06/02 09:30:27.409376 result_helpers.go:173: Got contexts: 1
2025/06/02 09:30:27.409509 queue.go:193: [Queue] Releasing DB lock b100062a-372b-4de1-a4af-eb28880f2e86 for plan d3b58b68-f88c-4f6f-b115-aaf7810fef61
2025/06/02 09:30:27.410576 locks.go:501: [Lock][Delete][1259] Lock released: b100062a-372b-4de1-a4af-eb28880f2e86 for plan d3b58b68-f88c-4f6f-b115-aaf7810fef61 | get current plan state
2025/06/02 09:30:27.410648 queue.go:198: [Queue] DB lock b100062a-372b-4de1-a4af-eb28880f2e86 released successfully
2025/06/02 09:30:27.411081 plans_changes.go:101: Successfully retrieved current plan state
2025/06/02 09:30:27.411332 setup.go:59: 

Completed: GET /plans/d3b58b68-f88c-4f6f-b115-aaf7810fef61/main/current_plan in 129.097913ms

2025/06/02 09:30:27.411448 locks.go:388: [Lock][Heartbeat] Timeout or context canceled during heartbeat loop for lock b100062a-372b-4de1-a4af-eb28880f2e86 for plan d3b58b68-f88c-4f6f-b115-aaf7810fef61 | reason: get current plan state
2025/06/02 09:30:27.416884 setup.go:57: 

Request: PUT /plans/d3b58b68-f88c-4f6f-b115-aaf7810fef61/main/context

2025/06/02 09:30:27.417123 plans_context.go:215: Received request for UpdateContextHandler
2025/06/02 09:30:27.417142 auth_helpers.go:442: authenticating request
2025/06/02 09:30:27.425312 auth_helpers.go:589: UserId: 7de205bd-e851-4579-8940-4f2cbb3b21ee, Email: local-admin@plandex.ai, OrgId: 6aaef103-b1ab-4c8c-8042-c121f40001ba
2025/06/02 09:30:27.425421 plans_context.go:225: planId:  d3b58b68-f88c-4f6f-b115-aaf7810fef61
2025/06/02 09:30:27.425435 auth_helpers.go:648: authorizing plan
2025/06/02 09:30:27.427328 queue.go:317: [Queue] ExecRepoOperation called for plan d3b58b68-f88c-4f6f-b115-aaf7810fef61, branch main, scope w, reason update contexts
2025/06/02 09:30:27.433513 locks.go:166: [Lock][1298] got lockable plan id for d3b58b68-f88c-4f6f-b115-aaf7810fef61 | reason: update contexts
2025/06/02 09:30:27.435087 locks.go:227: [Lock][1298] 0 locks found, 0 expired | reason: update contexts
2025/06/02 09:30:27.439619 locks.go:383: Lock acquired: d8bcac53-3d4b-4d04-9bc4-c4409b22791e for plan d3b58b68-f88c-4f6f-b115-aaf7810fef61 with scope w | reason: update contexts
2025/06/02 09:30:27.440142 git.go:603: [Git] gitRemoveIndexLockFileIfExists - repoDir: /tmp/plandex_server_data/orgs/6aaef103-b1ab-4c8c-8042-c121f40001ba/plans/d3b58b68-f88c-4f6f-b115-aaf7810fef61
2025/06/02 09:30:27.440296 locks.go:401: [Lock][Heartbeat] Will update heartbeat for d3b58b68-f88c-4f6f-b115-aaf7810fef61 | update contexts | Heartbeat interval: 3s, jitter: 291.51808ms
2025/06/02 09:30:27.440321 git.go:427: [Git] gitCheckoutBranch - repoDir: /tmp/plandex_server_data/orgs/6aaef103-b1ab-4c8c-8042-c121f40001ba/plans/d3b58b68-f88c-4f6f-b115-aaf7810fef61, branch: main
2025/06/02 09:30:27.440427 git.go:603: [Git] gitRemoveIndexLockFileIfExists - repoDir: /tmp/plandex_server_data/orgs/6aaef103-b1ab-4c8c-8042-c121f40001ba/plans/d3b58b68-f88c-4f6f-b115-aaf7810fef61
2025/06/02 09:30:27.443126 git.go:443: [Git] gitCheckoutBranch - currentBranch: main
2025/06/02 09:30:27.443228 git.go:446: [Git] gitCheckoutBranch - already on branch main, skipping
2025/06/02 09:30:27.443243 locks.go:464: [Lock] d3b58b68-f88c-4f6f-b115-aaf7810fef61 | update contexts | Checked out branch
2025/06/02 09:30:27.443264 queue.go:190: [Queue] Acquired DB lock d8bcac53-3d4b-4d04-9bc4-c4409b22791e
2025/06/02 09:30:27.445178 settings_helpers.go:53: GetPlanSettings - settings found in file
2025/06/02 09:30:27.457928 result_helpers.go:173: Got contexts: 1
2025/06/02 09:30:27.564420 context_helpers_store.go:89: StoreContext - context.MapParts length 455
2025/06/02 09:30:27.564583 context_helpers_store.go:104: StoreContext - mapCachePath /tmp/plandex_server_data/orgs/6aaef103-b1ab-4c8c-8042-c121f40001ba/projects/937532f3-b441-4fca-a384-61b11b163b48/map_cache/5058f1af8388633f609cadb75a75dc9d.json
2025/06/02 09:30:27.572440 git.go:66: [Git] GitAddAndCommit - orgId: 6aaef103-b1ab-4c8c-8042-c121f40001ba, planId: d3b58b68-f88c-4f6f-b115-aaf7810fef61, branch: main, message: Updated 1 map in context | added → 0 🪙 | total → 41279 🪙

+---------+------+----+
|  NAME   | TYPE | 🪙 |
+---------+------+----+
| [92;1m 🗺️  cwd[0m | [92mmap[0m  | [92m+0[0m |
+---------+------+----+
2025/06/02 09:30:27.572518 git.go:647: [Git] gitWriteOperation - label: GitAddAndCommit > gitAdd: plan=d3b58b68-f88c-4f6f-b115-aaf7810fef61 branch=main
2025/06/02 09:30:27.572530 git.go:603: [Git] gitRemoveIndexLockFileIfExists - repoDir: /tmp/plandex_server_data/orgs/6aaef103-b1ab-4c8c-8042-c121f40001ba/plans/d3b58b68-f88c-4f6f-b115-aaf7810fef61
2025/06/02 09:30:27.583660 git.go:647: [Git] gitWriteOperation - label: GitAddAndCommit > gitCommit: plan=d3b58b68-f88c-4f6f-b115-aaf7810fef61 branch=main
2025/06/02 09:30:27.583743 git.go:603: [Git] gitRemoveIndexLockFileIfExists - repoDir: /tmp/plandex_server_data/orgs/6aaef103-b1ab-4c8c-8042-c121f40001ba/plans/d3b58b68-f88c-4f6f-b115-aaf7810fef61
2025/06/02 09:30:27.595386 queue.go:193: [Queue] Releasing DB lock d8bcac53-3d4b-4d04-9bc4-c4409b22791e for plan d3b58b68-f88c-4f6f-b115-aaf7810fef61
2025/06/02 09:30:27.595450 plans_context.go:315: Successfully processed UpdateContextHandler request
2025/06/02 09:30:27.595705 setup.go:59: 

Completed: PUT /plans/d3b58b68-f88c-4f6f-b115-aaf7810fef61/main/context in 178.820982ms

2025/06/02 09:30:27.595930 locks.go:388: [Lock][Heartbeat] Timeout or context canceled during heartbeat loop for lock d8bcac53-3d4b-4d04-9bc4-c4409b22791e for plan d3b58b68-f88c-4f6f-b115-aaf7810fef61 | reason: update contexts
2025/06/02 09:30:27.596943 locks.go:501: [Lock][Delete][1298] Lock released: d8bcac53-3d4b-4d04-9bc4-c4409b22791e for plan d3b58b68-f88c-4f6f-b115-aaf7810fef61 | update contexts
2025/06/02 09:30:27.597031 queue.go:198: [Queue] DB lock d8bcac53-3d4b-4d04-9bc4-c4409b22791e released successfully
2025/06/02 09:30:27.980161 setup.go:57: 

Request: POST /plans/d3b58b68-f88c-4f6f-b115-aaf7810fef61/main/tell

2025/06/02 09:30:27.980428 plans_exec.go:24: Received request for TellPlanHandler ip: localhost
2025/06/02 09:30:27.980479 auth_helpers.go:442: authenticating request
2025/06/02 09:30:28.001815 auth_helpers.go:589: UserId: 7de205bd-e851-4579-8940-4f2cbb3b21ee, Email: local-admin@plandex.ai, OrgId: 6aaef103-b1ab-4c8c-8042-c121f40001ba
2025/06/02 09:30:28.001915 plans_exec.go:35: planId:  d3b58b68-f88c-4f6f-b115-aaf7810fef61
2025/06/02 09:30:28.001930 auth_helpers.go:648: authorizing plan
2025/06/02 09:30:28.007975 settings_helpers.go:53: GetPlanSettings - settings found in file
2025/06/02 09:30:28.008540 tell_exec.go:45: Tell: Called with plan ID d3b58b68-f88c-4f6f-b115-aaf7810fef61 on branch main (TraceID: be076084bb584d25eda9cd25717162fc)
2025/06/02 09:30:28.008647 activate.go:25: Activate plan: plan ID d3b58b68-f88c-4f6f-b115-aaf7810fef61 on branch main
2025/06/02 09:30:28.008661 activate.go:28: Waiting 100ms before checking for active plan
2025/06/02 09:30:28.109130 activate.go:30: Done waiting, checking for active plan
2025/06/02 09:30:28.153343 activate.go:79: Tell: Model stream stored with ID 8dab73f0-6fde-44c9-afec-44a30c4759b1 for plan ID d3b58b68-f88c-4f6f-b115-aaf7810fef61 on branch main
2025/06/02 09:30:28.153427 activate.go:80: Model stream id: 8dab73f0-6fde-44c9-afec-44a30c4759b1
2025/06/02 09:30:28.153442 tell_exec.go:76: Tell: Tell operation completed successfully for plan ID d3b58b68-f88c-4f6f-b115-aaf7810fef61 on branch main (TraceID: be076084bb584d25eda9cd25717162fc)
2025/06/02 09:30:28.153468 stream_helper.go:20: Response stream manager: starting plan stream
2025/06/02 09:30:28.153521 stream_helper.go:45: Response stream manager: sending initial message
2025/06/02 09:30:28.153604 state.go:140: Subscribing to plan d3b58b68-f88c-4f6f-b115-aaf7810fef61
2025/06/02 09:30:28.153643 tell_exec.go:107: [TellExec] Starting iteration 0 for plan d3b58b68-f88c-4f6f-b115-aaf7810fef61 on branch main (TraceID: be076084bb584d25eda9cd25717162fc)
2025/06/02 09:30:28.153683 tell_exec.go:127: [TellExec] Starting iteration 0 for plan d3b58b68-f88c-4f6f-b115-aaf7810fef61 on branch main
2025/06/02 09:30:28.153694 tell_exec.go:154: Executing WillExecPlanHook
2025/06/02 09:30:28.153701 tell_exec.go:168: execTellPlan - Setting plan status to replying
2025/06/02 09:30:28.158330 tell_exec.go:183: execTellPlan - Plan status set to replying
2025/06/02 09:30:28.158788 tell_exec.go:198: execTellPlan - Loading tell plan
2025/06/02 09:30:28.158853 tell_load.go:50: [TellLoad] Tell plan - loadTellPlan - iteration: 0, missingFileResponse: , req.IsUserContinue: false, lockScope: w
2025/06/02 09:30:28.158934 queue.go:317: [Queue] ExecRepoOperation called for plan d3b58b68-f88c-4f6f-b115-aaf7810fef61, branch main, scope w, reason load tell plan
2025/06/02 09:30:28.164927 locks.go:166: [Lock][860] got lockable plan id for d3b58b68-f88c-4f6f-b115-aaf7810fef61 | reason: load tell plan
2025/06/02 09:30:28.165924 locks.go:227: [Lock][860] 0 locks found, 0 expired | reason: load tell plan
2025/06/02 09:30:28.168254 locks.go:383: Lock acquired: 6200821a-b431-4eff-aa92-c39bf4f9abab for plan d3b58b68-f88c-4f6f-b115-aaf7810fef61 with scope w | reason: load tell plan
2025/06/02 09:30:28.168384 git.go:603: [Git] gitRemoveIndexLockFileIfExists - repoDir: /tmp/plandex_server_data/orgs/6aaef103-b1ab-4c8c-8042-c121f40001ba/plans/d3b58b68-f88c-4f6f-b115-aaf7810fef61
2025/06/02 09:30:28.168453 locks.go:401: [Lock][Heartbeat] Will update heartbeat for d3b58b68-f88c-4f6f-b115-aaf7810fef61 | load tell plan | Heartbeat interval: 3s, jitter: 245.774822ms
2025/06/02 09:30:28.168471 git.go:427: [Git] gitCheckoutBranch - repoDir: /tmp/plandex_server_data/orgs/6aaef103-b1ab-4c8c-8042-c121f40001ba/plans/d3b58b68-f88c-4f6f-b115-aaf7810fef61, branch: main
2025/06/02 09:30:28.168502 git.go:603: [Git] gitRemoveIndexLockFileIfExists - repoDir: /tmp/plandex_server_data/orgs/6aaef103-b1ab-4c8c-8042-c121f40001ba/plans/d3b58b68-f88c-4f6f-b115-aaf7810fef61
2025/06/02 09:30:28.170593 git.go:443: [Git] gitCheckoutBranch - currentBranch: main
2025/06/02 09:30:28.170688 git.go:446: [Git] gitCheckoutBranch - already on branch main, skipping
2025/06/02 09:30:28.170700 locks.go:464: [Lock] d3b58b68-f88c-4f6f-b115-aaf7810fef61 | load tell plan | Checked out branch
2025/06/02 09:30:28.170719 queue.go:190: [Queue] Acquired DB lock 6200821a-b431-4eff-aa92-c39bf4f9abab
2025/06/02 09:30:28.170998 settings_helpers.go:53: GetPlanSettings - settings found in file
2025/06/02 09:30:28.171126 tell_load.go:203: getting plan summaries
2025/06/02 09:30:28.171148 tell_load.go:204: convoMessageIds: [26ab7763-bede-4e98-9a47-8cdb7e0387c0 7f4df982-3100-430f-bab3-b1a9bfad08ba daa7f76c-c1ab-4939-9776-7be1696b839d c4b88a0e-a9df-4a3e-9ee4-f613e7d74981 d8f23b6c-6125-4700-b76b-6fe2337f4aa5 436d6a6f-c9c7-438a-8e35-c99869338783]
2025/06/02 09:30:28.171236 tell_load.go:160: [TellLoad] storing user message | len(convo): 6 | num: 7
2025/06/02 09:30:28.171268 tell_load.go:177: [TellLoad] storing user message
2025/06/02 09:30:28.171638 model_request.go:82: Model config - role: names, model: gemini-2.5-pro, max output tokens: 8192
2025/06/02 09:30:28.171718 client_stream.go:267: withStreamingRetries - will run operation
2025/06/02 09:30:28.171779 client_stream.go:105: processChatCompletionStream - modelConfig (map[string]interface {}) (len=2) {
 (string) (len=5) "model": (shared.ModelName) (len=14) "gemini-2.5-pro",
 (string) (len=8) "provider": (shared.ModelProvider) (len=6) "custom"
}

2025/06/02 09:30:28.171809 client.go:195: LLM API call starting - Model: gemini-2.5-pro, Provider: custom (TraceID: 97e1b68947b99124c84f3fc7d2f793dd)
2025/06/02 09:30:28.172923 tell_load.go:130: [TellLoad] Tell plan - loadTellPlan - modelContext: 0
2025/06/02 09:30:28.173263 tell_load.go:214: got 0 plan summaries
2025/06/02 09:30:28.176304 convo_helpers.go:163: StoreConvoMessage - message.Flags.CurrentStage.TellStage: 
2025/06/02 09:30:28.176648 convo_helpers.go:164: StoreConvoMessage - message.Subtask: <nil>
2025/06/02 09:30:28.176677 convo_helpers.go:188: [Git] StoreConvoMessage - committing convo message: Message #7 | 💬 User prompt | 1 🪙, branch: main
2025/06/02 09:30:28.176693 git.go:66: [Git] GitAddAndCommit - orgId: 6aaef103-b1ab-4c8c-8042-c121f40001ba, planId: d3b58b68-f88c-4f6f-b115-aaf7810fef61, branch: main, message: Message #7 | 💬 User prompt | 1 🪙
2025/06/02 09:30:28.176725 git.go:647: [Git] gitWriteOperation - label: GitAddAndCommit > gitAdd: plan=d3b58b68-f88c-4f6f-b115-aaf7810fef61 branch=main
2025/06/02 09:30:28.176734 git.go:603: [Git] gitRemoveIndexLockFileIfExists - repoDir: /tmp/plandex_server_data/orgs/6aaef103-b1ab-4c8c-8042-c121f40001ba/plans/d3b58b68-f88c-4f6f-b115-aaf7810fef61
2025/06/02 09:30:28.181558 git.go:647: [Git] gitWriteOperation - label: GitAddAndCommit > gitCommit: plan=d3b58b68-f88c-4f6f-b115-aaf7810fef61 branch=main
2025/06/02 09:30:28.181649 git.go:603: [Git] gitRemoveIndexLockFileIfExists - repoDir: /tmp/plandex_server_data/orgs/6aaef103-b1ab-4c8c-8042-c121f40001ba/plans/d3b58b68-f88c-4f6f-b115-aaf7810fef61
2025/06/02 09:30:28.405161 client_stream.go:274: withStreamingRetries - operation returned error: error creating chat completion stream: status code: 400, body: {"error":{"message":"{\"error\":{\"message\":\"Request contains only system messages. Gemini requires at least one non-system message.\",\"code\":\"invalid_request_body\"}}\n","type":"error"}}
2025/06/02 09:30:28.405234 client_stream.go:287: Error in streaming operation: error creating chat completion stream: status code: 400, body: {"error":{"message":"{\"error\":{\"message\":\"Request contains only system messages. Gemini requires at least one non-system message.\",\"code\":\"invalid_request_body\"}}\n","type":"error"}}, isFallback: false, numTotalRetry: 0, numFallbackRetry: 0, numRetry: 0, compareRetries: 0, maxRetries: 2
2025/06/02 09:30:28.405248 model_error.go:39: Classifying error message: error creating chat completion stream: status code: 400, body: {"error":{"message":"{\"error\":{\"message\":\"Request contains only system messages. Gemini requires at least one non-system message.\",\"code\":\"invalid_request_body\"}}\n","type":"error"}}
2025/06/02 09:30:28.405266 model_error.go:85: No error classification based on message
2025/06/02 09:30:28.405279 client_stream.go:332: withStreamingRetries - retrying stream in 1.106s seconds
2025/06/02 09:30:28.457326 handler.go:31: traces export: parse "https://https:%2F%2Flogfire-api.pydantic.dev/v1/traces": invalid port ":%2F%2Flogfire-api.pydantic.dev" after host
2025/06/02 09:30:29.511661 client_stream.go:267: withStreamingRetries - will run operation
2025/06/02 09:30:29.511858 client_stream.go:105: processChatCompletionStream - modelConfig (map[string]interface {}) (len=2) {
 (string) (len=5) "model": (shared.ModelName) (len=14) "gemini-2.5-pro",
 (string) (len=8) "provider": (shared.ModelProvider) (len=6) "custom"
}

2025/06/02 09:30:29.511896 client.go:195: LLM API call starting - Model: gemini-2.5-pro, Provider: custom (TraceID: 333fc683eb2195451f4ddfe31a160fce)
2025/06/02 09:30:29.656781 client_stream.go:274: withStreamingRetries - operation returned error: error creating chat completion stream: status code: 429, body: {"error":{"message":"too many concurrent vision requests. Please try again later\n","type":"error"}}
2025/06/02 09:30:29.656867 client_stream.go:287: Error in streaming operation: error creating chat completion stream: status code: 429, body: {"error":{"message":"too many concurrent vision requests. Please try again later\n","type":"error"}}, isFallback: false, numTotalRetry: 1, numFallbackRetry: 0, numRetry: 1, compareRetries: 1, maxRetries: 2
2025/06/02 09:30:29.656890 model_error.go:39: Classifying error message: error creating chat completion stream: status code: 429, body: {"error":{"message":"too many concurrent vision requests. Please try again later\n","type":"error"}}
2025/06/02 09:30:29.656921 model_error.go:85: No error classification based on message
2025/06/02 09:30:29.656934 client_stream.go:332: withStreamingRetries - retrying stream in 1.09s seconds
2025/06/02 09:30:30.473415 client_stream.go:267: withStreamingRetries - will run operation
2025/06/02 09:30:30.473667 client_stream.go:105: processChatCompletionStream - modelConfig (map[string]interface {}) (len=2) {
 (string) (len=8) "provider": (shared.ModelProvider) (len=6) "custom",
 (string) (len=5) "model": (shared.ModelName) (len=14) "gemini-2.5-pro"
}

2025/06/02 09:30:30.473746 client.go:195: LLM API call starting - Model: gemini-2.5-pro, Provider: custom (TraceID: d403370e629b915ce836935bc0a2a570)
2025/06/02 09:30:30.200533 client_stream.go:274: withStreamingRetries - operation returned error: error creating chat completion stream: status code: 400, body: {"error":{"message":"{\"error\":{\"message\":\"Request contains only system messages. Gemini requires at least one non-system message.\",\"code\":\"invalid_request_body\"}}\n","type":"error"}}
2025/06/02 09:30:30.200617 client_stream.go:287: Error in streaming operation: error creating chat completion stream: status code: 400, body: {"error":{"message":"{\"error\":{\"message\":\"Request contains only system messages. Gemini requires at least one non-system message.\",\"code\":\"invalid_request_body\"}}\n","type":"error"}}, isFallback: false, numTotalRetry: 2, numFallbackRetry: 0, numRetry: 2, compareRetries: 2, maxRetries: 2
2025/06/02 09:30:30.200647 model_error.go:39: Classifying error message: error creating chat completion stream: status code: 400, body: {"error":{"message":"{\"error\":{\"message\":\"Request contains only system messages. Gemini requires at least one non-system message.\",\"code\":\"invalid_request_body\"}}\n","type":"error"}}
2025/06/02 09:30:30.200665 model_error.go:85: No error classification based on message
2025/06/02 09:30:30.200680 client_stream.go:319: withStreamingRetries - compareRetries >= maxRetries - returning error
Error during plan name model call: error creating chat completion stream: status code: 400, body: {"error":{"message":"{\"error\":{\"message\":\"Request contains only system messages. Gemini requires at least one non-system message.\",\"code\":\"invalid_request_body\"}}\n","type":"error"}}
2025/06/02 09:30:30.200695 tell_load.go:86: Error generating plan name: error creating chat completion stream: status code: 400, body: {"error":{"message":"{\"error\":{\"message\":\"Request contains only system messages. Gemini requires at least one non-system message.\",\"code\":\"invalid_request_body\"}}\n","type":"error"}}
2025/06/02 09:30:30.200750 queue.go:193: [Queue] Releasing DB lock 6200821a-b431-4eff-aa92-c39bf4f9abab for plan d3b58b68-f88c-4f6f-b115-aaf7810fef61
2025/06/02 09:30:30.200788 state.go:44: case apiErr := <-activePlan.StreamDoneCh: d3b58b68-f88c-4f6f-b115-aaf7810fef61
2025/06/02 09:30:30.200820 tell_load.go:279: execTellPlan: error loading tell plan: error generating plan name: error creating chat completion stream: status code: 400, body: {"error":{"message":"{\"error\":{\"message\":\"Request contains only system messages. Gemini requires at least one non-system message.\",\"code\":\"invalid_request_body\"}}\n","type":"error"}}
2025/06/02 09:30:30.200828 state.go:45: apiErr: 500 Error: Error loading plan: error generating plan name: error creating chat completion stream: status code: 400, body: {"error":{"message":"{\"error\":{\"message\":\"Request contains only system messages. Gemini requires at least one non-system message.\",\"code\":\"invalid_request_body\"}}\n","type":"error"}}
2025/06/02 09:30:30.200893 state.go:61: Error streaming plan d3b58b68-f88c-4f6f-b115-aaf7810fef61: 500 Error: Error loading plan: error generating plan name: error creating chat completion stream: status code: 400, body: {"error":{"message":"{\"error\":{\"message\":\"Request contains only system messages. Gemini requires at least one non-system message.\",\"code\":\"invalid_request_body\"}}\n","type":"error"}}
2025/06/02 09:30:30.202102 locks.go:501: [Lock][Delete][860] Lock released: 6200821a-b431-4eff-aa92-c39bf4f9abab for plan d3b58b68-f88c-4f6f-b115-aaf7810fef61 | load tell plan
2025/06/02 09:30:30.202184 queue.go:198: [Queue] DB lock 6200821a-b431-4eff-aa92-c39bf4f9abab released successfully
2025/06/02 09:30:30.203467 state.go:68: Sending error message to client
2025/06/02 09:30:30.203545 active_plan.go:198: ActivePlan.Stream: skipping buffer for special message
2025/06/02 09:30:30.203608 active_plan.go:199: (shared.StreamMessage) {
 Type: (shared.StreamMessageType) (len=5) "error",
 ReplyChunk: (string) "",
 BuildInfo: (*shared.BuildInfo)(<nil>),
 Description: (*shared.ConvoMessageDescription)(<nil>),
 Error: (*shared.ApiError)(0xc000529080)(500 Error: Error loading plan: error generating plan name: error creating chat completion stream: status code: 400, body: {"error":{"message":"{\"error\":{\"message\":\"Request contains only system messages. Gemini requires at least one non-system message.\",\"code\":\"invalid_request_body\"}}\n","type":"error"}}),
 MissingFilePath: (string) "",
 MissingFileAutoContext: (bool) false,
 ModelStreamId: (string) "",
 LoadContextFiles: ([]string) <nil>,
 InitPrompt: (string) "",
 InitReplies: ([]string) <nil>,
 InitBuildOnly: (bool) false,
 StreamMessages: ([]shared.StreamMessage) <nil>
}

2025/06/02 09:30:30.203671 state.go:75: Stopping any active summary stream
2025/06/02 09:30:30.203688 state.go:78: Waiting 100ms after streaming error before canceling active plan
2025/06/02 09:30:30.204293 stream_helper.go:94: Response stream manager: request context done
2025/06/02 09:30:30.204379 stream_helper.go:64: Response stream manager: client stream closed
2025/06/02 09:30:30.204394 state.go:157: UnsubscribePlan d3b58b68-f88c-4f6f-b115-aaf7810fef61 - main - 295358a0-2281-4f68-b5bb-af2130e72604
2025/06/02 09:30:30.204439 state.go:168: Unsubscribed from plan d3b58b68-f88c-4f6f-b115-aaf7810fef61 - main - 295358a0-2281-4f68-b5bb-af2130e72604
2025/06/02 09:30:30.204455 plans_exec.go:97: Successfully processed request for TellPlanHandler
2025/06/02 09:30:30.204467 plans_exec.go:50: Closing request body
2025/06/02 09:30:30.204543 setup.go:59: 

Completed: POST /plans/d3b58b68-f88c-4f6f-b115-aaf7810fef61/main/tell in 2.96004055s

2025/06/02 09:30:30.305050 state.go:83: Cancelling active plan
2025/06/02 09:30:30.305512 state.go:96: Deleting active plan d3b58b68-f88c-4f6f-b115-aaf7810fef61 - main - 6aaef103-b1ab-4c8c-8042-c121f40001ba
2025/06/02 09:30:30.305562 state.go:107: Clearing uncommitted changes for plan d3b58b68-f88c-4f6f-b115-aaf7810fef61 - main - 6aaef103-b1ab-4c8c-8042-c121f40001ba
2025/06/02 09:30:30.305595 active_plan.go:136: ActivePlan stream manager returned
2025/06/02 09:30:30.305607 queue.go:317: [Queue] ExecRepoOperation called for plan d3b58b68-f88c-4f6f-b115-aaf7810fef61, branch main, scope w, reason delete active plan
2025/06/02 09:30:30.305668 locks.go:388: [Lock][Heartbeat] Timeout or context canceled during heartbeat loop for lock 6200821a-b431-4eff-aa92-c39bf4f9abab for plan d3b58b68-f88c-4f6f-b115-aaf7810fef61 | reason: load tell plan
2025/06/02 09:30:30.312541 locks.go:166: [Lock][1354] got lockable plan id for d3b58b68-f88c-4f6f-b115-aaf7810fef61 | reason: delete active plan
2025/06/02 09:30:30.313252 locks.go:227: [Lock][1354] 0 locks found, 0 expired | reason: delete active plan
2025/06/02 09:30:30.315254 locks.go:383: Lock acquired: 86d11d76-3a7a-4daa-9f87-5188d3636f32 for plan d3b58b68-f88c-4f6f-b115-aaf7810fef61 with scope w | reason: delete active plan
2025/06/02 09:30:30.315329 git.go:603: [Git] gitRemoveIndexLockFileIfExists - repoDir: /tmp/plandex_server_data/orgs/6aaef103-b1ab-4c8c-8042-c121f40001ba/plans/d3b58b68-f88c-4f6f-b115-aaf7810fef61
2025/06/02 09:30:30.315362 locks.go:401: [Lock][Heartbeat] Will update heartbeat for d3b58b68-f88c-4f6f-b115-aaf7810fef61 | delete active plan | Heartbeat interval: 3s, jitter: 29.182002ms
2025/06/02 09:30:30.315421 git.go:427: [Git] gitCheckoutBranch - repoDir: /tmp/plandex_server_data/orgs/6aaef103-b1ab-4c8c-8042-c121f40001ba/plans/d3b58b68-f88c-4f6f-b115-aaf7810fef61, branch: main
2025/06/02 09:30:30.315431 git.go:603: [Git] gitRemoveIndexLockFileIfExists - repoDir: /tmp/plandex_server_data/orgs/6aaef103-b1ab-4c8c-8042-c121f40001ba/plans/d3b58b68-f88c-4f6f-b115-aaf7810fef61
2025/06/02 09:30:30.317583 git.go:443: [Git] gitCheckoutBranch - currentBranch: main
2025/06/02 09:30:30.317669 git.go:446: [Git] gitCheckoutBranch - already on branch main, skipping
2025/06/02 09:30:30.317684 locks.go:464: [Lock] d3b58b68-f88c-4f6f-b115-aaf7810fef61 | delete active plan | Checked out branch
2025/06/02 09:30:30.317706 queue.go:190: [Queue] Acquired DB lock 86d11d76-3a7a-4daa-9f87-5188d3636f32
2025/06/02 09:30:30.317758 state.go:119: Starting clear uncommitted changes for plan d3b58b68-f88c-4f6f-b115-aaf7810fef61 - main - 6aaef103-b1ab-4c8c-8042-c121f40001ba
2025/06/02 09:30:30.317772 git.go:335: [Git] GitClearUncommittedChanges - orgId: 6aaef103-b1ab-4c8c-8042-c121f40001ba, planId: d3b58b68-f88c-4f6f-b115-aaf7810fef61, branch: main
2025/06/02 09:30:30.324708 git.go:647: [Git] gitWriteOperation - label: GitClearUncommittedChanges > gitReset: plan=d3b58b68-f88c-4f6f-b115-aaf7810fef61
2025/06/02 09:30:30.324769 git.go:356: [Git] GitClearUncommittedChanges - resetting staged changes for plan d3b58b68-f88c-4f6f-b115-aaf7810fef61
2025/06/02 09:30:30.328112 git.go:361: [Git] GitClearUncommittedChanges - reset staged changes finished for plan d3b58b68-f88c-4f6f-b115-aaf7810fef61
2025/06/02 09:30:30.328198 git.go:647: [Git] gitWriteOperation - label: GitClearUncommittedChanges > gitClean: plan=d3b58b68-f88c-4f6f-b115-aaf7810fef61
2025/06/02 09:30:30.328209 git.go:371: [Git] GitClearUncommittedChanges - cleaning untracked files for plan d3b58b68-f88c-4f6f-b115-aaf7810fef61
2025/06/02 09:30:30.329620 git.go:376: [Git] GitClearUncommittedChanges - clean untracked files finished for plan d3b58b68-f88c-4f6f-b115-aaf7810fef61
2025/06/02 09:30:30.329692 state.go:121: Finished clear uncommitted changes for plan d3b58b68-f88c-4f6f-b115-aaf7810fef61 - main - 6aaef103-b1ab-4c8c-8042-c121f40001ba
2025/06/02 09:30:30.329706 state.go:122: Error: <nil>
2025/06/02 09:30:30.329738 queue.go:193: [Queue] Releasing DB lock 86d11d76-3a7a-4daa-9f87-5188d3636f32 for plan d3b58b68-f88c-4f6f-b115-aaf7810fef61
2025/06/02 09:30:30.329796 state.go:132: Deleted active plan d3b58b68-f88c-4f6f-b115-aaf7810fef61 - main - 6aaef103-b1ab-4c8c-8042-c121f40001ba
2025/06/02 09:30:30.329878 locks.go:388: [Lock][Heartbeat] Timeout or context canceled during heartbeat loop for lock 86d11d76-3a7a-4daa-9f87-5188d3636f32 for plan d3b58b68-f88c-4f6f-b115-aaf7810fef61 | reason: delete active plan
2025/06/02 09:30:30.330695 locks.go:501: [Lock][Delete][1354] Lock released: 86d11d76-3a7a-4daa-9f87-5188d3636f32 for plan d3b58b68-f88c-4f6f-b115-aaf7810fef61 | delete active plan
2025/06/02 09:30:30.330779 queue.go:198: [Queue] DB lock 86d11d76-3a7a-4daa-9f87-5188d3636f32 released successfully
2025/06/02 09:30:30.470054 stream_helpers.go:76: Setting model stream finished: 8dab73f0-6fde-44c9-afec-44a30c4759b1
2025/06/02 09:30:30.472704 stream_helpers.go:84: Set model stream finished successfully: 8dab73f0-6fde-44c9-afec-44a30c4759b1
2025/06/02 09:30:32.721743 handler.go:31: traces export: parse "https://https:%2F%2Flogfire-api.pydantic.dev/v1/traces": invalid port ":%2F%2Flogfire-api.pydantic.dev" after host
signal: killed
